1.0000,0.0964,0.1691,23.8873,85.4731,25.7352,183.6441,21.5507,0.1464,3.8039,8.4318,159.8900,181.7762,66.3859,0.0243,7.3165,55.5296,10.7104,108.3467,59.1483,0.5161,2.1761,106.1583,291.0397,104.2946,1.0558,21.0308,6.9712,146.6735,4.1129,0.2743,42.4540,261.8958,198.4873,3.6899,4.4928,197.3797,258.6664,7.9834,138.1047,246.7494,1.1800,135.7685,562.7185,33.5474,184.6318,40.1482,615.9949
2.0000,0.0367,1.7977,30.5266,79.9518,156.0943,308.4623,328.9184,0.1085,3.0227,13.1418,58.0208,117.9268,83.7889,0.2140,8.7745,42.7566,84.8461,197.3617,55.0309,0.3847,3.8264,32.3683,122.5380,31.9211,1.2140,14.5317,57.9905,267.6814,157.8022,0.5460,12.1089,94.9164,46.5135,2.3877,27.9984,352.9018,34.5881,2.2249,47.3031,85.8625,6.2041,240.8953,318.8260,11.2323,70.9196,70.9112,495.4154
7.0000,0.1646,0.7211,21.5527,62.7261,97.0806,106.6790,233.1936,0.0894,6.2616,78.9405,182.8090,158.5567,227.7124,0.0622,7.6137,43.7437,111.4544,33.2853,104.0120,0.8583,26.6803,115.2335,75.2460,263.6319,1.2134,18.0762,79.2186,252.0268,77.2495,4.2591,45.7704,11.7837,168.9459,3.3983,34.0571,354.5152,20.4908,8.6671,10.7541,117.9922,6.9193,248.1221,270.9329,4.5430,148.3872,74.3853,443.3940
4.0000,0.1869,4.7664,44.2192,175.1081,201.6581,172.8327,219.9476,0.1729,3.4354,18.9993,51.5086,114.0070,76.3183,0.5912,13.2915,102.0308,244.3486,91.5217,159.9303,0.4625,6.5365,32.5295,102.0691,156.4933,1.9091,36.7339,189.9468,156.3185,59.7908,1.0574,13.0062,65.7613,175.5948,6.2822,88.4448,231.3290,157.5943,2.4856,28.2401,139.7480,19.1183,166.1316,411.4734,6.0869,76.9936,50.3983,472.4318
5.0000,0.0789,2.2348,18.6027,32.8598,59.9436,382.6461,113.8390,0.1547,2.0519,10.2970,85.4964,54.6163,183.6834,0.2709,5.3935,18.0788,105.0457,217.2368,19.1911,0.2748,3.8278,58.8357,100.5979,69.2470,0.7563,6.7390,93.3157,223.5488,76.9070,0.6556,24.1534,98.8816,34.2285,1.2025,44.9783,297.5481,109.6737,4.6288,55.2408,59.8312,9.7843,203.7070,417.8204,13.9116,47.3959,59.9055,520.5428
2.0000,0.0954,2.5096,29.3724,53.4973,120.4378,241.6931,367.1177,0.2333,4.6036,7.3131,89.4651,135.8884,94.2346,0.3098,8.8095,34.7044,95.6528,194.5112,130.3496,0.6049,3.3641,50.7204,86.0505,57.4873,1.2602,13.5095,76.7064,308.3329,65.0738,0.6305,20.3213,61.5062,33.2930,2.4309,37.4305,368.0533,29.6847,3.9740,37.1869,52.4989,8.3045,242.7016,329.5934,10.1949,43.9287,70.5500,472.4727
4.0000,0.0451,3.0071,32.7652,72.7174,16.8659,85.6130,135.0388,0.1833,1.7288,32.1677,211.5758,192.8064,113.9134,0.3606,9.5717,43.7822,26.9703,71.6127,117.4615,0.2560,10.3068,128.9966,198.1549,75.2298,1.3458,16.0794,34.1022,133.4129,10.9645,1.5873,49.4418,170.8950,107.5063,2.7837,19.1281,168.2547,228.3176,9.0907,91.4251,154.9007,4.5331,114.0852,479.1802,22.5526,126.2839,33.7105,512.3182
2.0000,0.0083,0.4178,7.6982,26.6058,82.5953,256.4167,204.6437,0.0517,2.0388,14.9302,20.1585,165.7680,139.2606,0.0442,1.8708,12.1142,86.9217,98.4263,49.3018,0.2506,4.5565,8.3977,127.7818,55.8722,0.2289,4.1742,78.4587,238.5383,174.6285,0.6741,3.0934,77.6877,24.0284,0.7202,38.1740,309.1617,7.6968,0.6141,32.6589,32.2393,8.3071,202.6196,304.8469,6.9574,22.8390,58.1190,432.9900
8.0000,0.0448,1.9027,25.7781,94.4840,156.0466,436.3171,63.1731,0.0261,1.2287,11.6433,28.1149,57.2912,92.8263,0.2235,7.1342,46.0586,57.2273,223.2662,97.2322,0.1646,3.7633,16.6425,38.0768,43.3610,0.9604,14.7380,22.6087,53.9901,133.0469,0.5807,6.1937,16.1511,33.7360,2.3279,13.2481,190.7602,98.7763,1.1162,4.2246,43.4737,3.3857,148.4364,436.6403,0.7879,38.1364,45.3356,541.4467
5.0000,0.1229,1.6628,21.8075,84.0744,85.6422,383.3877,289.5164,0.0783,1.4590,25.7848,68.7679,148.3374,17.9622,0.2021,6.5250,49.2420,134.8291,280.7734,110.5676,0.2018,8.7047,44.8897,106.9851,100.0755,0.9312,17.7537,112.0517,191.7537,52.4930,1.3790,17.8883,60.4740,145.0161,3.0350,52.9509,249.3529,32.7018,3.3701,22.9114,131.3868,11.4505,182.6524,301.1834,4.3593,82.8165,55.7504,429.3634
9.0000,0.0428,2.5123,29.6863,87.6361,122.7558,350.2753,83.0240,0.0546,1.7477,30.9000,124.9414,164.4576,225.0338,0.2981,8.4262,45.4382,75.1538,188.1118,56.1936,0.2378,9.8941,74.0338,129.1834,179.4927,1.1575,15.0579,43.9903,152.1987,105.4482,1.5121,27.7721,92.5524,59.0201,2.4279,18.5236,225.9464,85.4328,5.0285,46.3874,130.0522,3.8254,159.8470,389.3260,11.1925,136.9459,47.5579,492.1957
8.0000,0.0541,1.5608,22.9561,103.1106,136.4105,396.4163,137.2956,0.0104,1.4494,19.6405,60.5749,80.8483,117.6616,0.1795,6.3277,50.4578,41.4523,171.7928,26.4216,0.1740,5.6846,32.4451,54.3442,112.2379,0.8495,16.1760,15.6123,110.3430,77.4217,0.8120,11.5003,41.0940,74.6149,2.5554,11.6398,239.5521,152.4182,2.0094,21.6777,53.3038,3.0660,175.5041,501.0018,5.3208,42.8517,52.5400,602.7670
2.0000,0.0153,0.2334,7.1856,31.0800,74.3461,131.7479,57.3921,0.0140,1.6281,22.3522,42.0911,141.5567,38.6195,0.0267,1.6118,9.2876,88.2787,182.5790,154.5831,0.1996,6.7736,34.4308,54.1970,31.7425,0.1833,1.6765,67.5973,336.2112,196.0332,0.9933,14.7501,13.5810,18.1703,0.1374,30.3963,338.1582,15.7652,2.8462,13.2351,11.6565,6.3528,199.6531,312.6574,4.2998,21.3823,54.4621,412.3137
1.0000,0.0268,1.8328,32.1600,101.1919,119.3146,128.2960,198.4785,0.1761,2.5657,19.3402,175.9190,118.8016,125.1563,0.2174,9.3409,58.0371,73.0932,106.6425,257.4736,0.3306,5.9125,113.0097,222.5725,159.9082,1.3022,20.4677,35.0242,176.9600,197.2375,0.8774,44.2758,207.7533,225.3118,3.4339,11.8016,202.0927,47.6175,8.2166,110.8595,237.0585,2.0763,130.2466,344.8739,27.0376,163.5700,37.4440,436.9578
6.0000,0.0546,1.0585,4.0757,20.3858,82.0655,190.4492,90.0702,0.0582,2.4763,32.1704,138.1631,162.9961,115.7018,0.1212,1.2274,11.3267,17.3131,79.8368,204.5505,0.3153,9.7865,74.4737,112.4974,154.5524,0.1835,4.1155,11.7070,127.9624,219.6127,1.4444,26.2453,65.3892,168.7738,0.7177,10.7358,198.4838,10.1884,4.5615,30.0817,224.7494,2.8858,138.9706,296.9865,7.2167,187.2148,41.1591,414.6188
6.0000,0.0301,1.0457,14.4961,61.2719,121.5954,436.2990,153.3971,0.0333,2.3905,34.6020,132.2065,198.2428,126.6552,0.1262,4.3050,33.3744,80.8164,287.3590,33.9643,0.3168,10.8935,74.4617,138.8393,171.1702,0.6118,11.4035,53.0584,161.1646,123.3639,1.6456,26.7559,70.4149,118.3068,1.8751,23.9477,212.7459,64.5682,4.6851,25.0778,137.9478,5.1311,157.4512,396.6551,4.9008,135.4523,48.0032,520.8298
8.0000,0.0832,1.2212,30.6134,144.3383,153.1437,297.5931,171.6649,0.0835,1.2312,24.2765,46.3588,41.2585,82.7214,0.1457,8.6421,75.5293,68.5777,62.3339,3.3772,0.1621,7.8208,29.3367,49.2257,40.0075,1.1814,25.2611,21.1653,207.2091,43.5198,1.2053,11.6911,38.8747,36.8898,4.1022,4.8608,306.0491,209.2589,2.2167,19.1506,17.5614,0.9681,207.3438,585.0707,4.4804,22.0991,60.3088,685.2612
8.0000,0.0275,1.3942,29.0195,119.3881,173.5318,420.1024,252.7065,0.0277,0.4696,11.7376,63.7545,97.3243,68.9803,0.1648,8.0781,59.8178,71.7135,210.5883,42.9285,0.0503,3.3793,32.1526,58.5488,42.0351,1.0912,19.3653,19.9116,79.3639,75.6309,0.4828,10.8833,29.0351,35.2484,3.0707,7.6238,224.5139,106.2426,1.8448,10.4466,47.5803,2.0772,171.7315,445.6620,1.9919,37.8706,52.2802,565.6277
2.0000,0.0363,1.9055,21.8266,41.5374,104.1027,269.3877,255.5902,0.0649,2.2380,13.3120,50.8286,85.9400,168.3189,0.2218,5.9944,20.6188,104.0262,183.9430,43.1486,0.2797,4.4192,30.4646,102.1559,122.8528,0.8034,7.0238,83.2908,273.0621,105.5572,0.6898,11.6782,81.6093,79.3273,1.1730,39.0045,323.0474,6.5341,2.1471,40.1601,41.4492,8.3671,209.8349,279.2402,9.3434,18.4659,60.2728,401.4482
1.0000,0.0658,0.2506,18.4394,48.4405,49.8031,189.1361,31.0942,0.1259,2.1130,18.8566,197.1462,215.5591,83.9533,0.0409,5.8310,33.2293,57.9116,118.0470,0.5900,0.2816,5.9879,126.5158,302.5603,105.4830,0.8597,12.9332,41.6467,201.2414,26.7078,0.9081,49.7259,263.0965,148.9066,2.3046,17.9594,257.7624,238.8253,9.2608,136.8955,174.9288,3.6505,173.4515,524.8138,33.0429,132.0690,50.7997,585.7035
6.0000,0.0470,1.3007,15.2011,67.3782,97.0777,463.1122,155.1138,0.0314,2.3754,32.4445,107.0086,161.9458,109.4031,0.1531,4.4447,35.3897,63.6769,311.1280,20.2904,0.3116,10.5274,65.5783,109.6911,144.1663,0.6246,11.8399,38.6852,117.1825,104.0529,1.6186,24.8256,62.3769,87.8633,1.9216,16.6976,160.3550,79.0599,4.4949,27.8329,171.3516,3.5115,131.7238,400.8384,6.5386,170.6735,41.6322,517.9984
0.0000,0.0627,1.4763,23.1212,98.1489,86.7577,413.5582,152.9787,0.0433,0.3838,12.3374,57.5441,86.9553,81.7721,0.1734,6.4337,51.0691,58.8372,154.5726,330.0145,0.0567,3.8883,33.0381,59.5886,106.7522,0.8697,17.0401,54.2583,133.8431,339.3182,0.5863,11.9721,38.6398,75.5665,2.7625,27.5642,250.6028,52.6182,2.1028,18.3495,23.0602,6.1576,177.5726,345.7015,4.2870,16.4596,52.3981,498.5454
7.0000,0.1591,2.0751,10.4012,42.7605,118.1458,160.8997,156.5896,0.1988,3.5887,58.1361,143.9626,191.1626,233.0251,0.2506,3.4732,29.5121,116.0308,81.0579,7.9935,0.4680,18.5379,91.9348,134.2089,282.5487,0.5355,11.9677,72.5914,248.4561,107.6948,2.8336,36.2839,72.0053,220.9772,2.2067,28.4584,308.2293,6.2544,6.7997,26.6559,156.2162,5.4306,201.5374,275.9236,5.1136,119.5059,58.0803,401.0010
2.0000,0.0620,2.8624,31.7140,46.7909,46.3809,282.8853,239.8656,0.2455,3.8759,2.8226,104.1404,274.1332,237.6420,0.3464,9.5578,32.1692,56.7675,141.7168,3.0155,0.5178,0.4261,54.0419,190.7415,147.4608,1.3709,12.6409,65.8362,213.1524,195.9998,0.0925,19.5703,108.0128,48.4042,2.2748,34.7831,332.0917,58.9497,3.5822,47.0500,75.2626,7.9005,236.8314,312.0983,10.9251,71.2416,71.0340,502.8607
3.0000,0.2492,2.4265,51.6809,76.2560,138.7039,271.2654,82.2237,0.3398,4.8746,73.9853,87.1350,151.6622,134.0194,0.3173,16.5658,61.0933,154.3381,141.5378,41.2714,0.6717,26.2509,82.1158,88.3274,130.9439,2.4921,26.4554,101.0895,119.2468,159.5758,4.3319,39.5088,40.9219,215.2464,5.0807,39.9948,269.7768,33.1247,8.3231,23.8657,212.6780,7.5570,209.6485,299.1277,7.2514,152.2112,65.3312,476.8717
1.0000,0.0614,0.2474,13.5765,56.6477,90.0099,108.2033,21.9326,0.0938,1.9760,13.2311,149.2241,188.2662,61.3973,0.0213,4.0103,32.6273,75.8346,76.5216,30.8316,0.2457,4.0434,95.2503,267.3473,69.1079,0.5634,11.5123,46.7617,233.5315,124.7986,0.5948,36.8869,225.7845,80.9289,1.9298,18.9326,265.7109,372.7170,6.7715,114.4712,114.3794,3.7637,166.4892,631.4805,27.1257,96.4868,46.9161,635.8102
2.0000,0.0872,3.1841,29.7478,41.5665,96.8090,264.7005,287.8289,0.1158,3.5681,12.6705,60.3754,169.2104,166.5780,0.3849,8.6756,27.4508,98.9909,142.3315,53.6039,0.4707,4.8594,25.6788,128.4498,59.6162,1.2185,10.9449,97.0900,257.3276,131.8040,0.8318,7.7651,77.2755,40.8323,2.0001,49.8713,357.6042,14.6530,1.2932,32.8971,57.9816,11.2534,246.6836,314.0843,7.2144,35.0700,72.9967,476.3062
4.0000,0.0692,2.2136,25.1301,102.5676,238.8419,197.9240,236.8948,0.2330,4.9787,36.5337,93.8636,139.7551,102.9411,0.2718,7.3821,60.4936,240.1444,151.5649,158.2681,0.6539,11.6907,61.4756,135.8253,101.5174,1.0443,21.8073,166.0326,172.9674,5.6940,1.8014,24.7419,103.2349,94.8553,3.7215,72.1262,205.0102,252.4235,4.7038,51.7119,94.4282,14.9550,138.3881,498.8802,12.4059,72.9572,40.8542,520.2653
6.0000,0.0555,1.3530,10.9756,44.3651,24.2448,411.0952,6.6217,0.0521,2.0024,20.2902,67.3035,200.5907,200.1203,0.1567,3.1425,26.4235,73.3043,228.3466,156.1020,0.2385,5.7940,34.4539,131.2114,148.4218,0.4335,9.4603,69.6801,121.2718,126.9040,0.8140,11.5489,64.3069,78.8392,1.5954,34.0581,180.2167,141.9635,1.9240,21.8420,119.1357,7.4236,130.4561,462.5003,3.9192,105.9492,39.0118,535.7336
5.0000,0.0755,1.6605,23.3777,95.5603,139.2000,289.4417,5.6115,0.1336,2.8841,36.9030,116.4217,128.5113,66.4696,0.2004,6.7586,54.4627,136.1462,152.2789,41.4323,0.3741,11.5054,72.9450,125.7526,58.0932,0.9407,19.2553,98.3269,205.4991,1.8829,1.7257,28.1108,87.9215,72.0363,3.2429,44.2857,279.2257,257.3517,5.1578,39.6417,115.9299,9.3947,190.5032,588.6328,8.7193,97.0948,55.9399,655.6351
8.0000,0.1263,2.8347,21.1688,60.2421,24.8855,261.2506,177.8174,0.1958,3.0809,11.2084,9.3981,11.7842,73.2108,0.3640,7.0688,48.9206,114.7116,71.0863,87.6868,0.4309,4.4934,10.9689,11.1702,35.9573,1.0827,20.3991,127.2452,184.3575,37.8010,0.7986,6.4831,15.9329,48.2547,3.7676,66.5698,293.7900,185.6052,1.5207,11.8283,42.7653,15.1259,207.9709,442.1578,3.5154,19.7351,62.1559,515.4106
4.0000,0.1406,3.4330,22.2992,33.0402,115.5029,173.2921,256.0958,0.1762,5.0086,50.9112,168.6414,236.3741,165.4183,0.4279,7.0298,27.6320,134.8569,135.1771,177.4254,0.6692,16.4815,108.5593,219.6183,149.1121,1.0444,11.8980,102.2700,164.4607,18.1430,2.5536,43.1991,164.6120,98.1862,2.2555,47.2108,194.1423,246.7112,8.1524,82.5779,63.1390,10.1893,130.7089,497.9129,19.8924,56.3145,38.6015,521.6749
8.0000,0.0558,1.2924,21.7984,102.7838,96.3610,275.4795,88.2382,0.0949,2.5221,6.6145,50.4932,155.4909,173.5579,0.1523,5.9977,51.6799,61.2657,51.6300,63.1433,0.3125,1.6944,31.0257,112.0811,154.1703,0.8056,16.8412,46.8327,192.6997,101.7428,0.2257,12.2272,76.5232,106.0293,2.6878,22.5387,277.0036,120.9359,2.3001,38.2826,60.9814,4.9344,185.3546,448.3032,9.3043,32.7778,53.5385,545.4266
7.0000,0.4215,2.2702,31.4621,22.8382,160.3733,89.3452,258.1009,0.3460,7.0736,87.5407,112.2312,176.2708,114.2290,0.2992,10.9802,36.1767,170.3516,78.6855,198.1420,0.9268,31.0970,82.9723,115.5803,211.5343,1.7463,19.5589,111.1747,212.8720,16.9965,5.1547,37.5959,81.2074,174.7472,4.1805,44.1509,309.6855,13.4451,7.8222,45.0927,90.3389,8.3749,224.2564,180.4274,11.7703,119.9706,68.6597,328.6894
3.0000,0.0380,1.9048,18.2645,28.6992,85.1942,281.7836,136.1451,0.0081,1.1160,5.4900,87.4509,160.3109,236.2322,0.2177,4.8938,10.4868,116.3609,95.5126,30.7675,0.1362,1.6478,38.4194,129.7541,236.8090,0.6439,2.5588,95.0511,169.4743,141.7655,0.2596,11.2295,76.0516,202.9570,0.3177,44.4298,283.0857,9.8404,1.6652,29.8943,144.0877,9.5165,199.9437,318.5239,5.9637,76.6685,59.3222,451.0987
8.0000,0.0500,1.0024,5.0364,26.5499,120.3315,400.6450,16.4255,0.0741,1.7217,10.0358,34.9966,110.3499,152.9437,0.1190,1.3705,6.7993,12.6118,193.0800,125.0607,0.2189,3.0182,16.2592,60.2385,150.3759,0.1826,1.0570,32.2552,89.1164,135.4284,0.4581,6.5410,36.6288,98.6276,0.1586,22.2355,216.8833,122.0910,1.3163,20.4256,38.7783,5.5118,162.9840,476.2882,5.3882,23.4020,49.2914,578.7569
0.0000,0.0192,0.3089,10.1384,65.6179,109.4636,467.8313,244.9773,0.0493,2.0004,15.6337,14.3061,41.7273,80.0727,0.0402,2.8279,30.9582,32.0069,191.5739,463.9286,0.2481,4.6544,8.7401,27.2028,57.8118,0.3821,9.6180,10.7616,106.9736,418.2288,0.6776,4.2042,35.8518,28.1480,1.4832,9.0309,232.3692,21.9902,0.8918,22.2723,14.7238,2.4282,167.1662,461.2209,5.8106,22.2064,49.4061,620.3563
1.0000,0.0390,2.3107,20.1250,8.2077,70.9211,155.3246,24.1937,0.1286,0.6758,38.4256,172.2755,171.1547,113.9748,0.2835,6.1504,8.7822,97.9626,125.1693,11.1524,0.0917,12.0473,112.4738,236.5386,150.7100,0.8898,4.3216,74.7990,235.3532,78.0341,1.8166,44.5090,201.6424,159.4786,0.8710,33.6605,269.2196,312.7916,8.3151,103.6268,153.2104,7.0672,172.2656,567.2210,24.8351,108.5915,49.2699,586.7528
3.0000,0.0329,1.5713,23.6905,53.8672,135.5888,295.9904,220.8467,0.1571,4.4027,15.3693,62.3198,152.6997,256.8167,0.1874,6.8175,30.4835,114.5893,100.6697,0.3605,0.5560,4.8023,37.3773,160.4369,214.5297,0.9464,10.8278,76.0612,183.7511,168.8682,0.7251,15.0042,132.3221,172.6039,1.8328,32.6104,302.5353,33.3827,2.8895,68.6999,151.9812,6.7017,213.5010,304.3314,16.6683,104.1540,63.3831,467.8354
7.0000,0.3240,3.6640,70.0608,168.3774,172.6095,127.4104,328.6634,0.2987,7.2890,13.2148,108.7916,77.4621,52.2622,0.4594,22.1741,112.9113,182.3776,169.9439,259.7101,1.0230,5.2849,73.8203,166.1465,78.4827,3.3078,44.6429,131.9403,298.1517,65.8250,0.9372,30.7638,178.0391,48.8991,8.1402,59.2609,375.0187,54.2586,6.0134,104.1435,95.8131,12.5811,261.3041,286.6388,26.9392,116.7921,78.9109,439.0926
5.0000,0.0823,1.8523,32.9696,109.6978,41.1166,231.6589,126.9808,0.0972,1.1535,12.0334,109.0487,246.4374,122.7239,0.2162,9.2623,62.7018,69.3728,122.9908,140.6964,0.1497,3.5218,58.4583,169.2199,113.3396,1.2622,22.0295,58.0099,118.3191,87.6018,0.5050,20.4667,103.8210,66.4897,3.6830,27.5266,201.3349,158.7786,3.5334,47.6437,123.7540,5.9692,146.5350,474.2943,11.0372,120.4310,44.1772,556.6879
8.0000,0.1099,0.1779,32.6145,159.7535,203.9469,387.9563,315.7774,0.0815,1.2358,18.5405,26.3602,22.0863,69.9828,0.0249,9.3972,85.5198,112.7337,183.4382,91.9322,0.1685,6.2163,18.8863,43.1284,45.5510,1.3010,28.9695,48.6158,101.0251,62.0469,0.9840,8.2748,43.5714,63.3815,4.7407,14.8770,240.7416,94.1865,1.6677,24.2049,79.5436,2.4231,180.5548,434.0301,6.0363,63.2301,54.6712,565.9857
9.0000,0.0796,2.2712,16.9415,37.7444,101.6688,239.4808,129.3954,0.0968,2.6908,26.3379,90.9679,186.3387,94.0466,0.2718,4.7550,12.4141,72.4002,132.7537,32.3315,0.3592,8.2559,54.2443,121.3680,96.8329,0.6548,2.9689,57.7686,200.8270,22.4409,1.2523,21.0231,93.4868,101.0416,0.4641,28.6299,255.4039,210.8204,3.9296,52.6533,185.4949,6.4165,170.3728,472.3294,13.5736,169.1548,49.5827,527.1169
2.0000,0.0622,0.5080,28.7471,127.2959,88.5978,330.0566,443.2191,0.1705,3.7307,22.4865,86.2991,69.6614,125.7646,0.0661,8.5135,70.2649,48.8321,232.9395,128.7860,0.4756,7.0930,56.3511,97.1584,76.8102,1.2030,24.3746,31.8924,310.0261,152.1418,1.0752,22.4681,86.5569,19.2471,4.0585,14.6998,383.9675,70.4729,4.2281,46.1865,52.4925,3.1620,257.4764,287.4354,11.3580,51.4684,75.2958,487.2751
6.0000,0.0253,1.1368,19.1498,60.0123,117.4981,441.2584,62.1281,0.0585,3.8622,40.0350,109.2196,155.7597,116.9398,0.1471,5.7864,30.9300,100.4011,275.7038,98.3915,0.5074,12.7910,65.0864,131.8943,113.1043,0.8296,10.2841,75.3136,178.1483,137.3911,1.9545,24.4708,90.7670,100.2313,1.6691,34.8042,262.1649,121.9485,4.4318,42.9670,146.2815,7.4496,192.1776,515.6349,9.9958,131.3553,58.2406,644.3096
5.0000,0.1108,2.7175,23.9075,58.6141,106.5961,308.7298,59.9439,0.1691,3.6301,17.8048,1.8815,80.5145,223.5968,0.3330,7.0974,36.5359,93.4665,276.3404,223.9386,0.4852,6.0354,9.0717,32.1631,203.5245,1.0101,13.6885,75.6697,302.3410,276.5382,0.9698,5.7085,18.9502,180.3405,2.3994,37.0884,321.6978,37.5717,1.3425,16.7856,149.7779,8.2706,208.4262,349.6497,5.1962,95.6795,60.4374,512.3871
0.0000,0.0314,0.7116,15.6098,54.8342,44.6258,384.8029,188.2402,0.1401,3.3616,13.5792,16.5800,87.3642,154.6258,0.0852,4.5727,28.7231,21.2156,138.9275,335.5921,0.4141,3.3644,23.5397,35.2208,112.8897,0.6403,9.6980,32.7010,140.3824,307.2333,0.4211,12.2156,74.0853,39.8603,1.5910,17.5310,255.5732,16.3260,2.5854,48.5833,50.3762,3.9271,180.4230,435.5294,12.8750,55.6730,53.2000,576.6788
0.0000,0.0145,0.6192,9.4107,39.8975,56.1231,343.1046,202.5404,0.0122,0.4012,4.6689,12.3686,15.8857,20.6818,0.0708,2.4902,19.6769,43.5554,77.0287,305.9358,0.0502,1.3741,6.3696,7.6701,11.9380,0.3262,6.6950,53.1713,169.7887,215.2527,0.1994,2.5350,9.8627,10.7526,1.1134,27.5091,246.8949,110.6039,0.4883,6.1062,21.3157,6.0972,162.5908,463.1043,1.5787,18.2760,46.3475,543.3253
1.0000,0.0327,0.5250,5.4953,17.0990,123.6844,114.6426,57.2662,0.0429,1.2338,11.1738,94.2250,168.1923,69.1525,0.0606,1.5262,8.7706,124.8805,93.5412,52.2381,0.1464,3.6348,58.6505,200.2594,48.3355,0.2062,2.9372,81.4649,264.6073,97.3607,0.5547,22.2504,154.4612,13.8768,0.4796,33.2438,283.7652,406.7160,4.0190,74.1161,48.8112,6.5491,170.9605,685.5259,16.9749,47.1794,47.0052,672.3357
8.0000,0.0420,1.9782,35.0576,126.8045,241.4041,358.0597,279.9745,0.1011,2.6329,18.3312,12.2516,118.4348,120.5157,0.2379,10.1254,65.4989,125.8090,204.5290,56.2764,0.3427,5.6074,4.0330,104.1452,70.4232,1.4066,21.7663,57.2921,89.1635,117.2707,0.8355,2.0801,71.0619,42.2831,3.5248,22.7015,250.5433,38.5833,0.5059,32.6929,24.0087,4.8909,197.2466,412.5490,7.4153,9.1225,61.1915,579.0020
3.0000,0.1192,3.0265,19.2976,39.3354,219.3760,149.6454,56.6341,0.2146,6.4933,39.8314,17.7555,86.9099,57.1552,0.3848,6.4189,12.1867,203.6478,25.0450,12.4158,0.8516,13.2157,18.9091,63.0221,105.7083,0.9817,4.4272,131.3968,157.7375,34.6180,2.0850,10.7716,66.3584,139.7125,0.9757,54.5301,230.4429,197.2082,2.4598,42.4487,150.3847,11.0099,160.1532,412.8690,11.5464,126.3712,47.5892,458.6172
8.0000,0.0564,1.8740,19.4554,59.9947,79.3745,322.5172,94.7526,0.1021,2.1670,23.4982,90.1954,31.6927,217.1030,0.2238,5.4983,29.1469,20.0906,116.2360,265.2443,0.2824,7.3799,56.5244,27.9397,142.7929,0.7535,9.4193,30.0150,128.6937,252.7162,1.1165,22.0921,51.2882,95.2766,1.5097,17.7710,225.3721,32.4759,4.1113,33.7488,80.0945,4.1949,158.0467,399.1863,9.0572,61.0124,46.4906,516.5607
3.0000,0.0696,0.9021,28.7019,64.7286,134.4648,228.0321,32.4118,0.1411,2.8535,43.7943,51.6321,132.2190,224.3468,0.1037,8.1510,39.8196,137.7409,46.8783,143.1266,0.3721,14.2165,44.2061,100.3432,242.0990,1.1230,14.7994,89.7453,259.4435,221.8781,2.1948,19.8369,60.1888,242.5152,2.5784,36.4742,337.1514,23.1519,3.9712,25.2615,198.6572,7.1613,221.5904,324.9633,5.4133,121.8590,63.8002,473.4483
2.0000,0.1153,1.1490,21.0895,102.8913,65.5051,231.3190,302.5258,0.0614,3.5278,40.4781,60.8248,90.8594,134.8501,0.1342,6.2969,60.3870,53.7926,201.9028,65.9072,0.4497,12.9516,46.0874,146.4486,111.7438,0.8963,21.7008,37.0831,343.0436,104.7401,1.9855,19.8305,129.7223,74.9427,3.6924,15.4605,380.7059,22.9263,3.8977,67.5041,38.6168,3.0292,240.0285,341.9555,16.2490,47.5422,68.0460,485.4539
7.0000,0.2521,1.9444,21.7308,14.5156,100.0481,112.9335,204.9221,0.1112,7.3137,79.9272,141.1479,205.8092,169.4161,0.2453,8.0752,22.2882,135.2988,71.6304,152.9048,0.9844,27.2339,93.2368,137.2056,249.4781,1.3200,12.0908,100.8049,195.2375,5.6649,4.3832,38.4141,72.8442,213.3447,2.5707,44.1629,296.7949,0.2846,7.4723,31.3945,129.9433,9.0474,215.7593,214.8882,7.5200,113.1898,65.9209,356.7209
6.0000,0.2023,1.4535,41.4035,176.5094,195.7152,361.0996,159.1524,0.2822,3.2141,9.8052,97.5716,128.8880,59.2213,0.1727,12.6281,104.8458,157.3413,252.3312,34.5539,0.4198,4.0575,66.4832,130.5243,91.1544,1.8246,38.1583,102.5283,118.2407,94.9685,0.7180,27.3125,122.0937,134.8600,6.5669,44.0864,206.2202,22.3522,5.2537,68.3202,202.4327,9.1454,165.6795,334.5180,17.2342,174.7780,52.2727,486.7489
3.0000,0.1662,1.7825,43.8940,113.0114,92.0067,306.5956,124.2742,0.1737,3.8505,24.2905,48.9334,155.9658,287.7464,0.2087,13.2477,69.4251,91.9000,141.5935,54.5757,0.5079,8.5858,18.0908,122.1335,252.7683,1.9033,25.9028,66.7887,156.1614,220.0697,1.4098,8.2721,74.5743,224.2534,4.5375,29.3932,311.6968,72.0994,1.9675,34.5324,168.3880,6.0577,233.2044,315.5354,8.3474,88.7575,71.2294,520.1555
3.0000,0.0158,2.3367,30.2320,44.7300,148.3538,290.2445,26.5038,0.1449,2.8097,9.2260,42.4274,146.4560,172.6747,0.2700,8.6474,28.1786,173.6223,121.3428,135.6919,0.3567,2.8328,36.9020,82.9531,188.2730,1.1942,10.5855,123.0540,169.1063,185.2371,0.4207,16.5792,49.6854,207.7995,1.8518,52.9663,273.9272,1.4270,3.3108,29.0728,166.4657,10.8050,193.7802,319.9679,7.9718,91.5510,57.6275,452.0430
6.0000,0.0436,1.2488,15.2386,77.1976,106.9545,310.6435,55.8576,0.0181,0.9175,15.0382,76.6536,156.7091,127.3581,0.1406,4.0960,39.6723,106.8145,133.0914,82.0847,0.1082,4.2866,38.8872,98.8011,94.5344,0.5395,12.9847,77.1915,163.1443,57.2644,0.6028,13.0204,45.4534,128.7250,2.0675,34.1215,214.1873,183.5609,2.1740,14.0100,181.2712,7.0916,140.6995,464.6122,2.2381,141.6891,40.2700,514.6609
3.0000,0.0488,2.4768,36.3422,93.7822,92.6225,316.5495,391.1901,0.2386,1.7745,23.9462,91.1490,220.8975,144.7857,0.2952,10.7378,56.9303,114.2814,160.9599,211.7766,0.2237,8.0009,62.6592,189.9781,154.4884,1.5173,21.0510,85.8083,154.5248,10.1003,1.2574,25.9063,116.9681,152.4151,3.6578,38.4916,287.4996,31.9152,4.9957,47.5926,138.9372,8.0863,213.4858,306.4017,9.7275,94.4257,64.9956,454.7598
2.0000,0.0419,2.0343,22.5305,60.3752,87.1140,251.2657,369.2407,0.0992,2.0233,9.5478,133.5846,135.4464,195.7873,0.2414,6.4754,30.1119,64.9000,147.1344,105.5017,0.2405,2.7617,71.2419,119.8530,117.2974,0.8951,9.8628,58.0928,263.1172,114.6792,0.3920,24.7947,80.9774,56.8229,1.5872,29.3655,344.4629,22.0047,4.2566,36.6470,83.7272,6.5677,231.8967,291.2911,8.1862,69.1954,67.7434,450.2202
1.0000,0.0490,1.3586,11.9925,87.3817,206.8801,41.1083,22.3839,0.0283,0.5217,12.4513,72.9414,119.1251,103.1239,0.1555,3.4386,45.8747,219.7852,136.8285,2.4126,0.0726,3.7178,40.1390,106.5598,143.2013,0.4735,15.2241,149.9839,299.8185,87.5248,0.5452,14.3719,71.0108,139.0629,2.4475,63.3246,317.1846,340.1794,2.5241,31.6559,100.9310,12.7792,192.8338,597.3973,6.9972,51.7388,53.5266,603.1352
1.0000,0.0173,0.1093,11.7360,89.1440,93.5628,87.0824,43.3678,0.0456,1.8565,20.5910,81.0097,107.7522,40.3228,0.0128,3.0940,46.1773,142.4004,157.4874,50.8017,0.2338,6.3556,48.3759,109.1877,74.4425,0.4021,15.1844,110.3048,304.4489,82.1474,0.9442,18.0952,79.9331,95.3815,2.4239,49.4724,313.5115,376.4079,3.2558,37.7401,90.8210,10.3116,188.2951,651.7214,8.6128,58.4792,51.9401,647.8826
7.0000,0.2322,1.1980,44.5353,132.9786,176.5687,127.9886,302.2093,0.2489,1.6162,36.1540,98.3675,6.0935,72.3751,0.1556,13.6685,87.8579,182.9138,216.5307,183.4441,0.2070,12.7438,63.9965,81.4150,122.3534,1.9854,33.9229,125.2955,389.1412,37.7105,2.0922,26.0130,97.9201,61.0246,6.0539,53.6523,432.8318,129.7724,5.0154,56.8749,48.6586,10.9993,277.9628,419.7220,14.3820,85.5392,80.1133,547.3593
3.0000,0.0936,1.6207,26.3001,74.4737,112.0019,312.6663,35.5724,0.1022,3.6430,24.9728,34.3230,105.3523,225.1025,0.2033,7.6660,43.2519,142.3643,97.4658,172.7453,0.4761,8.5930,9.7032,77.0547,193.6083,1.0761,15.6212,109.9216,182.1027,221.4898,1.3776,3.3852,50.0073,162.1447,2.6796,50.1838,298.2277,1.4522,0.8357,23.0544,120.4680,10.6517,209.5051,357.2018,5.2518,69.2800,62.0632,502.0792
6.0000,0.0309,1.6776,19.3665,57.8865,26.8727,301.9281,0.8330,0.0461,1.3589,20.4993,136.2668,222.8062,113.6538,0.1839,5.1117,30.8341,37.0681,162.7593,106.2877,0.1625,5.7898,70.5457,184.5547,125.6499,0.6641,10.3851,45.4802,166.1584,55.9757,0.8092,23.9592,115.6487,121.9686,1.6883,23.8199,204.5405,196.5358,4.0376,49.1310,99.8651,5.3454,134.5511,478.3825,10.4901,59.2977,38.6912,523.9460
0.0000,0.0445,1.4182,14.9746,49.2675,87.1942,496.8055,167.8024,0.0615,1.0502,19.7026,55.4795,56.0231,42.1731,0.1662,4.0106,19.8396,29.2475,287.8929,394.8674,0.1384,6.1065,35.0372,47.5064,56.3273,0.5278,5.4757,50.3016,24.0168,450.5273,0.9096,13.4921,32.0519,46.2523,0.7804,29.1578,197.0423,170.7409,2.4672,14.4396,28.9684,6.8386,163.0185,265.0113,3.1963,19.7912,50.9349,465.7569
7.0000,0.2179,1.9191,30.3509,87.8236,152.2761,164.3626,353.6004,0.3593,2.1701,71.5059,169.6173,104.7952,136.8950,0.2310,9.8928,68.5910,135.4030,157.9976,199.6621,0.3048,24.5558,114.7680,43.2420,219.0410,1.5020,28.9924,83.3533,313.3264,1.3379,3.9773,47.9206,20.6017,123.7922,5.4712,33.5675,379.7386,35.1689,9.3979,16.6915,89.6553,6.7062,253.4167,304.2111,5.1329,146.5698,74.4334,457.9031
2.0000,0.1190,3.4251,24.3699,36.2745,88.2166,181.2424,160.4845,0.2169,5.4316,29.0447,45.3258,199.1313,214.4483,0.4256,7.6895,35.6971,145.8957,58.7891,11.8433,0.7450,10.6804,15.5166,149.8956,126.6650,1.1485,16.1966,145.3439,222.8850,146.5032,1.7863,7.7057,86.8275,74.2484,3.1424,75.5231,355.3644,47.9372,1.9001,35.1786,43.6350,17.2592,257.6211,269.1383,7.4312,14.9428,78.2930,445.2678
0.0000,0.0261,1.6206,26.6006,87.3120,108.7501,419.7218,146.5982,0.1332,3.1939,8.0741,29.6190,31.9886,48.1274,0.1858,7.2726,41.6286,7.7016,174.2418,303.9784,0.3956,2.2501,24.3314,32.2158,44.6255,0.9722,13.1614,26.3661,118.4222,323.5144,0.3172,10.8307,47.8171,21.5517,2.0656,17.5647,247.7052,56.7500,2.1596,30.3770,8.1378,4.2453,179.8489,331.6877,8.0400,16.3094,53.6237,487.2624
3.0000,0.1305,2.7086,37.2277,45.1831,118.4579,274.0870,20.7395,0.0794,2.6956,22.4770,43.7527,104.8558,233.3404,0.3299,11.1721,36.8826,118.7930,125.4407,132.9191,0.3229,7.4611,29.9213,139.5246,198.2406,1.5984,15.7408,93.3019,147.0734,248.7561,1.1783,12.2598,110.6642,213.8088,2.9595,44.2250,281.2320,94.2593,2.3535,53.3310,206.4293,9.6634,208.6858,251.5993,12.1821,134.2169,63.5294,431.7746
5.0000,0.0907,0.6147,27.8469,88.3992,61.4189,414.8145,129.2945,0.0818,3.1051,16.0890,49.1791,50.6524,212.6328,0.0688,7.9648,49.5059,52.7006,303.9029,2.3586,0.3958,5.7844,31.5705,50.2896,152.3713,1.0998,17.3763,37.9012,245.6232,53.5799,0.9491,12.6137,53.9735,99.5876,2.9187,16.5295,263.6100,132.5879,2.3900,31.7863,64.5516,3.3713,175.0939,436.7840,8.1768,42.9245,51.1657,532.3054
3.0000,0.0495,2.4142,22.6904,8.5814,102.4063,230.2235,208.3290,0.0688,4.4043,37.0638,11.2974,199.4033,186.3665,0.2949,6.8760,6.0684,138.8099,79.2436,75.6523,0.5693,12.3136,15.0271,168.6791,174.3545,0.9905,3.9017,105.5596,176.1053,42.6549,1.9312,10.2386,104.5775,195.9911,0.8692,47.4011,273.7513,51.7638,2.4240,45.4016,175.0697,9.9408,192.1969,295.8088,10.1822,114.1578,57.1218,403.1214
6.0000,0.0559,2.1045,21.0429,57.8121,71.9260,430.0898,154.5646,0.1639,2.9690,19.5699,28.2603,151.9632,88.9806,0.2549,6.0855,28.1932,27.0313,252.0724,42.2410,0.3928,6.6082,26.3468,79.9565,179.4589,0.8518,9.1680,48.5669,184.6604,145.6707,1.0486,12.4453,23.5555,196.6317,1.4788,27.4568,277.5987,53.9958,2.5690,8.5928,137.5393,6.3548,200.3065,419.1657,3.2059,60.8745,60.2105,561.9591
7.0000,0.4641,5.4032,72.4436,198.6463,150.9868,150.8097,322.6255,0.3831,5.5841,15.3190,82.0087,76.5098,91.3173,0.7010,22.7474,133.4147,159.8810,158.5204,219.0642,0.7967,4.8471,60.9092,119.8527,106.2132,3.3795,52.6795,122.8977,280.6557,27.5902,0.7285,26.8601,116.6731,14.4515,9.5889,59.1503,345.1505,21.8186,5.4281,66.3014,124.3421,13.2706,236.4169,241.9433,17.0256,135.3210,70.7478,387.4033
5.0000,0.1645,4.0327,43.7010,124.9701,93.9384,286.6867,64.6001,0.0964,0.9951,16.6973,104.4914,143.9053,67.5483,0.4991,13.0078,75.4405,121.9994,144.0076,59.0100,0.1357,5.2931,62.0704,151.3350,48.3586,1.8530,27.7475,103.2887,129.4129,56.9743,0.8057,23.3972,124.7226,55.3722,4.8073,50.4968,246.3897,237.1279,4.2530,63.6740,136.5401,11.2253,184.8449,521.1299,15.1911,124.1629,56.6365,594.9668
3.0000,0.1002,2.8347,34.8294,65.7789,112.6991,296.9794,132.0738,0.0530,0.6024,3.7800,15.9889,188.9452,193.3602,0.3402,9.9760,40.9075,144.3525,138.2971,47.6923,0.0914,1.0820,8.6244,140.8306,240.6138,1.3814,15.2459,108.4791,210.1657,176.1637,0.1730,3.7884,73.6791,249.5910,2.6584,48.8674,317.0551,14.6898,0.7965,25.1314,197.9878,10.3170,222.5431,334.2432,4.3093,110.9820,66.1751,495.0918
4.0000,0.0493,1.7883,22.5541,120.7977,216.0055,162.9404,305.4746,0.1597,4.1906,32.5592,93.6647,117.8583,6.7495,0.2118,6.4051,64.8947,218.3366,97.3805,261.9757,0.5241,10.0896,59.2220,98.5135,79.8136,0.8812,22.0317,150.3669,152.2323,126.0682,1.5095,22.9636,72.2599,129.9373,3.6107,64.8132,190.1882,126.7463,4.2341,36.2383,135.3197,13.3339,127.2044,378.2177,8.7230,92.4539,37.1900,426.9480
1.0000,0.2752,6.6577,55.5086,184.2753,213.0477,63.6509,151.1174,0.1527,1.9596,6.1615,10.3870,15.5825,158.3867,0.8286,16.8489,110.1990,253.7601,125.5047,180.5564,0.2837,2.6454,8.9477,19.3838,144.8757,2.4413,40.5339,196.4348,240.6360,177.2743,0.4816,4.5472,20.3814,116.5434,7.0471,91.9585,279.1934,248.4958,0.9950,12.1124,83.8794,20.0224,185.6303,380.1361,3.1695,48.8127,54.7861,397.6131
9.0000,0.0420,1.0251,4.5819,14.0302,65.0722,307.5937,127.3890,0.0463,2.4251,33.1259,128.3556,194.7343,148.0795,0.1123,1.0829,6.1215,48.6361,147.5381,7.0314,0.2997,9.8354,69.3785,116.5270,155.6599,0.1330,1.7955,42.4662,148.4274,34.1048,1.4229,24.3239,49.9553,128.7474,0.2657,20.9224,215.9882,162.8385,4.1938,13.9191,171.1169,4.5957,148.5797,440.8681,1.9367,145.7445,43.5159,508.8417
6.0000,0.0259,0.7706,6.6106,22.9373,22.2090,318.6589,46.2928,0.0364,1.5447,19.6155,102.4230,270.1401,195.1628,0.0894,1.7697,9.9547,45.8959,145.1497,74.3118,0.1906,5.4600,45.7442,157.3905,227.9229,0.2333,2.8494,46.0783,103.5046,81.2300,0.7536,13.6430,59.0116,145.0984,0.4103,23.1095,185.7555,122.0964,2.0695,11.6226,88.3887,5.1085,133.4251,395.7486,0.8262,86.8561,39.6963,467.6810
5.0000,0.1523,4.0794,27.3225,30.3194,107.5974,182.2731,204.0326,0.0519,0.8453,9.2843,20.3846,80.5674,198.8069,0.4968,8.1457,19.9549,88.6032,192.2650,106.8873,0.1105,2.3330,10.7499,104.3562,147.3707,1.1672,9.0679,87.4189,253.1509,15.6105,0.3178,3.2319,76.9593,64.0264,1.7942,46.5109,300.4254,53.9980,0.4461,34.4864,39.1575,10.7512,204.0131,283.9055,7.4200,38.8508,60.5694,393.8713
6.0000,0.0410,1.4132,11.5400,32.3311,112.0990,326.6146,86.6552,0.0770,2.6774,29.0552,124.5546,179.3498,138.8818,0.1659,3.1102,11.1585,76.7840,208.0435,68.4335,0.3494,9.2038,72.8537,119.8549,115.2880,0.4150,2.4155,56.1431,221.8082,101.7725,1.3939,26.9986,72.7861,110.5148,0.2459,27.0246,275.2047,134.4944,4.8420,35.4553,196.8616,5.9892,185.4466,481.2617,8.7433,174.4141,54.2781,584.9072
8.0000,0.1183,1.2374,31.4516,134.1276,134.2032,270.5889,162.1450,0.0675,2.4542,34.9680,93.7712,68.7209,131.6908,0.1497,9.0827,72.0925,62.4590,87.0872,4.7963,0.3064,11.0131,55.7866,39.9121,46.0321,1.2623,24.7121,37.9748,159.9704,87.0864,1.6710,21.2814,43.0945,28.4689,4.0923,18.8628,264.3256,84.2631,3.9107,24.9996,54.0314,4.3120,186.1009,402.2224,6.2704,47.1160,55.1596,520.4977
7.0000,0.2261,1.3053,26.2201,54.6308,131.9442,61.9868,246.5245,0.2299,3.9242,63.9554,107.2688,233.0124,120.0325,0.1672,8.2728,42.9065,135.4485,98.3229,114.3127,0.5061,21.5768,73.7162,185.1554,211.7411,1.2276,18.2387,85.6758,296.9623,24.9249,3.4333,31.2207,115.0013,204.0768,3.4526,33.3568,357.4152,55.1740,6.1696,50.0248,139.0355,6.2645,233.9098,313.6682,11.0560,106.9258,67.7730,438.3074
9.0000,0.0157,0.0993,7.4639,44.3418,39.6941,208.7996,165.2116,0.0925,2.0968,19.4373,104.6845,229.1284,183.1121,0.0074,1.8586,24.0818,79.4072,60.7432,27.7642,0.2569,5.4816,48.3222,130.4058,153.7974,0.2313,8.1866,71.9115,218.6496,15.7953,0.7624,14.8217,49.1481,74.9294,1.3382,34.7146,278.6856,236.2673,2.2942,10.0592,137.1518,7.5333,181.2590,526.7391,0.5332,131.6550,51.8400,579.8508
5.0000,0.1005,1.4267,11.2374,53.9361,26.9854,372.5635,67.0464,0.1417,1.4153,40.5242,109.1413,49.6166,68.1803,0.1673,3.1304,32.7345,60.2135,216.7859,118.9884,0.1923,12.8919,74.1442,45.6273,49.8626,0.4238,12.0354,53.2629,257.4587,169.5904,1.9574,29.8498,30.9298,62.0682,2.0746,25.2437,310.1730,66.8919,5.6222,14.0462,40.5563,5.4166,202.9244,426.4650,3.1675,42.4845,58.3710,549.7519
0.0000,0.0350,1.4703,22.1296,94.2535,149.9359,470.2984,226.4927,0.0364,0.9570,7.9398,24.1064,28.0439,30.4112,0.1733,6.1739,49.9568,69.9414,225.9774,438.6274,0.1180,2.3007,10.5268,10.8110,14.0523,0.8349,16.8877,45.4515,72.6099,412.1676,0.3291,3.2204,1.1721,16.3924,2.7606,23.8486,198.2534,55.6931,0.5133,1.2003,23.1108,5.5854,150.1338,394.9729,0.4682,17.2907,45.3491,555.0820
8.0000,0.0217,1.9034,23.1059,66.6555,137.5992,406.8609,159.9865,0.0514,1.1032,19.2431,66.8582,106.3862,81.8447,0.2246,6.5042,31.9613,55.6531,187.5103,42.1974,0.1367,5.9106,37.1297,59.3633,71.5827,0.8875,10.1882,53.7095,128.1246,130.3984,0.8815,13.6309,32.9736,65.6518,1.6122,30.3412,280.0373,103.7084,2.4480,14.9629,58.7699,7.1336,208.7527,498.4541,3.4662,40.1530,63.2216,637.4845
5.0000,0.0676,1.3124,27.7677,45.7420,126.0540,381.6236,30.7598,0.1340,2.3833,41.4001,84.2708,65.4364,182.0419,0.1558,8.4115,33.0811,102.1666,276.0575,115.8490,0.3266,13.9492,57.8014,40.1083,43.7904,1.2105,13.3259,70.8452,214.9300,146.5412,2.2124,23.9574,24.4239,43.5166,2.4308,31.1912,284.1884,93.9878,4.6320,12.3349,62.9076,6.4796,204.8325,485.1738,3.1396,61.7940,62.0433,629.2392
0.0000,0.0242,0.5628,1.0041,26.4979,90.5479,450.5304,213.7183,0.0069,0.4342,5.0702,16.4664,42.6498,61.0095,0.0639,0.4143,9.2845,48.3918,175.1210,401.1208,0.0531,1.5393,9.8462,23.8317,82.7111,0.0786,3.0530,52.3124,120.6198,358.0219,0.2264,3.7097,7.8634,64.8270,0.5594,27.8205,241.3340,3.1163,0.6743,2.6541,27.9545,6.3028,171.6237,429.3729,0.8722,3.3161,50.5503,568.8415
3.0000,0.0411,1.6271,12.0246,46.9599,107.0153,256.6663,79.6387,0.0834,3.6363,26.3910,69.5666,182.1952,158.0548,0.1902,3.5801,28.4972,160.3284,99.3511,6.8366,0.4577,8.4836,34.8775,163.0698,154.8760,0.5066,10.3717,126.1484,129.2380,37.7053,1.2957,12.2008,103.4391,186.5995,1.7719,57.5219,234.2748,99.4049,2.1605,43.1578,174.3222,12.1482,169.0927,338.6145,8.9799,109.6324,50.6641,419.8338
3.0000,0.0119,1.2851,18.4805,29.2700,126.7616,268.3009,255.6725,0.1043,2.4896,13.9434,48.3760,184.9162,148.2982,0.1455,4.9434,14.9032,140.2373,110.4937,79.9478,0.3002,4.3799,38.4326,91.6163,197.1342,0.6498,4.8511,97.2646,244.9285,13.2306,0.6610,16.6625,44.3771,184.8509,0.7702,41.4170,313.2603,143.8938,3.2606,25.6115,121.2030,8.3986,204.9153,423.8860,7.1545,53.6877,58.7784,509.1515
6.0000,0.0428,2.5123,29.6863,87.6362,122.7559,350.2754,83.0239,0.0546,1.7477,30.9000,124.9414,164.4575,225.0338,0.2981,8.4262,45.4382,75.1538,188.1118,56.1937,0.2378,9.8941,74.0338,129.1834,179.4926,1.1575,15.0579,43.9904,152.1987,105.4482,1.5121,27.7721,92.5525,59.0201,2.4279,18.5236,225.9464,85.4328,5.0285,46.3874,130.0523,3.8254,159.8470,389.3260,11.1925,136.9459,47.5579,492.1957
3.0000,0.1613,2.5191,38.9429,79.0666,159.7946,281.6423,189.5871,0.1247,4.0232,24.5159,39.9300,60.2044,192.7691,0.3236,12.1186,56.4028,100.9063,147.4488,28.9344,0.5075,7.1840,34.7724,128.5852,163.1510,1.7763,22.8030,72.8203,174.6736,142.7583,1.0353,15.6669,126.6061,188.7467,4.1745,36.5257,305.2404,44.0278,3.1417,69.3571,188.6929,8.3824,225.7506,280.1525,17.1640,128.7264,68.8732,457.8554
0.0000,0.0421,1.1632,11.4418,42.6964,42.3797,403.4343,335.3523,0.0085,0.5023,8.2663,33.1050,9.2586,107.2986,0.1346,3.1896,25.1717,78.5774,155.0431,454.8199,0.0676,2.6895,23.0290,27.8107,45.0318,0.4326,9.0365,75.4739,112.8819,353.1309,0.4123,9.2550,34.1196,39.7563,1.5277,36.8346,219.7696,11.7080,1.7309,19.4549,77.3782,7.9981,155.8046,417.7519,4.8384,62.1161,45.8630,537.7830
4.0000,0.1789,4.3491,26.5109,23.8499,47.9213,1.9377,149.8414,0.1747,4.7164,45.4380,219.5548,240.0489,115.5258,0.5281,7.8052,21.4900,72.1288,39.4161,126.6012,0.6410,15.1191,132.7818,224.9132,95.4073,1.1166,9.4846,62.3161,115.0098,24.2326,2.3835,50.8434,167.0964,108.2431,1.8216,30.9624,147.3948,197.2099,9.3667,82.5931,130.7336,6.9758,101.0895,429.1577,19.6663,102.9871,30.1555,463.1292
0.0000,0.0280,0.3339,4.8077,24.7257,60.7111,424.9948,232.3154,0.0615,1.5877,5.0508,16.3705,74.4921,129.4570,0.0376,1.2398,8.4080,30.4379,160.1714,413.7386,0.1885,1.3589,21.6736,14.2893,126.6407,0.1582,1.8450,49.3224,144.4196,381.8932,0.1959,10.6260,48.2279,83.6400,0.1997,27.2699,271.3837,22.6589,2.1835,33.0390,46.9595,6.2474,192.8544,437.8767,8.8689,34.3257,57.0078,598.5823
9.0000,0.1391,3.7862,35.0485,111.0875,137.7600,146.9350,49.4040,0.0043,0.4597,13.4779,69.5257,88.4900,114.4849,0.4490,10.0786,64.2059,160.8975,119.8940,48.9065,0.0549,3.7701,38.2622,93.7065,138.9316,1.3978,22.8581,122.9838,266.3802,38.5977,0.5243,13.5774,69.0095,175.8354,3.8660,56.2840,297.2873,158.0410,2.3606,32.2330,173.4014,11.9940,186.4023,411.4961,7.2637,112.8448,52.6961,468.6132
7.0000,0.1757,1.6266,22.1371,61.9761,119.1168,186.6335,203.5149,0.2072,7.2571,80.6723,166.8702,205.5663,193.2658,0.2144,7.6655,40.8676,139.1635,85.2098,69.6785,0.9991,27.7204,116.4755,166.0962,257.8430,1.2150,16.8997,97.0894,243.6555,108.4768,4.4695,48.7890,100.6703,224.4421,3.2067,41.1079,350.7374,43.1381,9.5191,41.0249,174.0518,8.2755,246.6794,255.3672,8.4199,139.1792,73.9801,432.7184
2.0000,0.0298,2.6714,28.6020,28.6298,107.0239,213.0293,95.4851,0.0959,4.3773,29.0095,31.4158,198.7238,212.6311,0.3121,8.0847,17.8776,127.3474,36.0026,113.6084,0.5615,9.8117,22.3766,142.5670,117.4428,1.1080,6.6949,94.6348,246.2322,222.7013,1.5499,11.1437,86.9856,79.6226,1.1725,41.9866,328.9865,47.3212,2.3888,39.0647,58.4057,8.7264,218.6959,287.1611,8.9659,29.7142,63.3219,438.0193
7.0000,0.3059,2.8671,36.6516,67.2682,180.1296,99.3061,259.2644,0.4206,4.2338,84.1887,139.4523,144.2725,139.3093,0.3616,12.2970,57.6061,177.7935,144.2395,166.0953,0.5597,29.4047,104.2125,59.5260,228.8699,1.9066,25.8586,113.2838,309.3533,20.6815,4.8227,46.0860,28.4801,167.6667,5.0753,44.7332,390.4350,3.1747,9.3589,23.6074,102.5251,8.5028,268.3086,259.9242,7.2910,138.8201,80.2455,431.3995
3.0000,0.1304,0.8507,43.2764,135.3956,97.5963,352.6686,127.7883,0.0617,2.9480,21.7969,13.9643,191.6510,241.7192,0.0987,12.3972,79.9686,90.7293,178.7609,56.0454,0.3803,6.9240,14.5610,126.6639,257.2062,1.7141,28.7435,59.1960,117.9816,192.8180,1.0512,7.9164,53.0579,235.5229,4.8846,24.7287,262.6744,23.0584,1.7320,12.1168,166.0207,5.0010,198.8641,350.9167,0.8982,82.8824,60.7574,526.8851
8.0000,0.0076,0.1299,2.4837,23.0760,20.0085,205.2293,205.2523,0.0310,1.1568,7.5137,24.5947,31.4592,11.3004,0.0085,0.3812,15.5547,101.6848,62.8015,52.7437,0.1384,2.2963,14.8383,43.3878,9.4677,0.0556,6.5318,98.2678,282.5927,13.3038,0.3375,5.6417,37.5724,11.7054,1.2080,47.8914,343.6750,216.3757,1.0280,19.4978,28.6541,10.3959,219.6376,507.7928,4.6948,28.8638,62.3143,570.8119
9.0000,0.0111,0.4220,7.6488,52.3942,120.7176,339.7272,45.9223,0.0270,1.0090,14.8355,73.6639,127.4825,182.4688,0.0507,2.0874,25.2307,89.8237,206.0448,168.5390,0.1238,4.3072,40.3734,127.8047,115.7540,0.2768,7.9530,63.6887,191.6291,119.8228,0.6173,14.5530,98.6638,79.3901,1.2382,29.2392,241.9817,191.6489,2.5762,48.5413,133.4306,6.2711,163.3745,561.4314,11.3541,115.5818,47.6589,641.6814
9.0000,0.0561,1.1659,23.6083,57.3838,84.5448,258.0841,35.6524,0.0990,3.5186,47.8085,149.4814,182.5498,136.3843,0.1452,7.4038,37.0758,27.0127,142.6266,97.1008,0.4646,15.5791,87.0296,109.5541,199.7259,1.0889,14.1666,27.9807,198.8603,150.0969,2.4163,32.4883,40.1094,202.0518,2.5123,16.1799,284.2711,65.6407,5.8797,7.6347,214.8341,3.7936,198.6135,426.0289,1.3984,176.5530,59.0806,562.4843
8.0000,0.0888,1.5083,28.7698,88.5642,140.1766,485.6092,123.2713,0.1841,3.1441,34.5688,82.0634,65.6553,111.0129,0.1961,8.8266,50.5086,61.8838,291.9121,75.4621,0.4464,12.3676,59.8966,52.2865,47.8181,1.2827,18.1526,45.1298,43.3391,212.8263,2.0335,25.5127,33.2826,68.1501,3.1185,24.3343,238.8631,18.5401,5.0076,15.0224,85.2294,5.7030,198.4501,390.7291,3.5443,74.9893,62.5921,579.6052
3.0000,0.0614,2.0058,14.0933,36.9356,200.4671,90.4160,86.1906,0.1123,4.8539,38.7033,52.8579,119.2520,156.4952,0.2418,4.2990,13.5813,198.2618,63.3868,110.5974,0.6123,11.9326,28.8748,72.8874,228.0147,0.6195,3.1421,131.0954,234.7144,100.1154,1.7802,10.9721,44.4388,225.2637,0.3466,54.5463,286.2075,75.0782,2.0569,24.7709,186.1286,10.9332,186.2605,330.8567,6.6513,127.0413,53.6055,416.5021
0.0000,0.0230,1.0701,12.0532,45.3781,72.9612,323.8019,256.0247,0.0271,1.1959,10.4706,26.9194,87.8380,86.3328,0.1173,3.1300,19.3857,20.4281,51.6005,399.8352,0.1415,2.9274,9.1736,58.7292,68.2672,0.4006,5.5553,26.9372,195.6065,307.7648,0.4073,2.0595,32.6929,41.9470,0.8045,15.2346,263.8317,58.1997,0.2483,13.4717,19.5923,3.4980,169.9898,460.2531,2.9077,11.6388,47.9870,566.0839
8.0000,0.0319,1.5744,22.2501,92.2691,144.7729,292.3254,274.7707,0.0105,0.9920,14.6274,44.2229,51.4661,36.3018,0.1885,6.0789,40.7299,19.3612,87.1732,111.5401,0.1296,4.5227,26.7208,42.6974,17.4427,0.8139,12.3805,29.8833,183.3515,10.9396,0.6778,10.2674,33.9938,6.0444,1.9148,22.7193,296.8249,179.3989,1.8918,17.2631,18.4107,5.8018,207.7968,490.9338,4.1042,16.8621,61.4319,586.2918
1.0000,0.0350,0.8145,11.8615,22.0897,132.3409,148.8269,35.1232,0.0944,1.2285,16.1842,76.4080,109.2771,47.9319,0.0933,3.2954,10.3985,140.7677,188.6228,42.2970,0.1494,4.4928,48.5858,120.4340,74.2612,0.4453,3.2779,95.8793,348.5652,27.0274,0.6197,18.7588,94.2258,48.7455,0.5173,40.2189,359.9815,314.2985,3.4360,46.5657,12.6660,8.0582,216.4232,630.7319,10.9362,15.1331,59.6856,664.0247
0.0000,0.0169,0.7042,21.2213,102.0687,159.4998,497.9092,174.2289,0.0713,1.5608,15.8971,37.6906,35.3287,65.6066,0.0863,5.8188,48.3242,58.1876,266.5366,368.8805,0.2034,5.2950,30.1997,43.1107,39.8925,0.7789,15.1098,31.0036,58.4962,392.9382,0.8292,13.1737,38.7532,31.1057,2.3463,18.4377,229.9460,67.9412,2.5974,21.4960,21.6226,4.5788,182.1800,406.6780,5.4542,17.6680,56.1667,597.3722
4.0000,0.0588,0.9663,5.3523,74.1477,141.2929,84.0540,208.4292,0.1805,4.7192,39.8198,167.2495,179.1756,139.4503,0.1175,1.6562,38.9666,138.5881,112.6814,227.0778,0.5986,12.5141,98.1599,166.5942,174.4035,0.2483,13.0977,96.9750,224.3609,118.7879,1.8866,36.4427,120.1497,184.0968,2.1372,42.5749,240.4232,150.9866,6.5395,57.3401,157.5962,8.8783,148.6254,432.5172,13.2690,97.6250,41.7712,485.8544
1.0000,0.1374,0.1714,24.7451,74.9273,46.9248,207.3785,15.4874,0.2022,3.8772,13.6371,150.7511,124.3176,52.1106,0.0155,7.9876,51.7214,28.4241,152.6077,55.3458,0.5499,4.0138,109.0964,260.4966,103.5060,1.1956,20.4077,13.7047,196.4698,5.7096,0.5724,45.8089,255.5708,189.1500,3.6855,4.7416,242.6920,251.9893,8.8799,140.6983,237.8410,0.8715,164.7522,582.6368,35.0121,181.2305,48.6788,654.5618
5.0000,0.0911,0.5341,10.1829,17.2960,107.0326,422.2429,72.2313,0.0212,4.3168,53.5941,125.3775,61.4459,39.7687,0.0561,3.3122,11.9578,108.1029,304.3909,119.8905,0.5459,16.7656,75.5407,30.9781,56.0015,0.4975,5.1407,77.5535,150.5371,111.7818,2.5238,28.6797,15.8415,18.3966,0.9838,34.0462,183.3536,103.7923,5.2340,10.4129,83.7562,7.0418,142.0186,417.5275,3.0791,101.4385,44.2789,519.5762
9.0000,0.0491,0.6512,9.5093,56.7123,133.4308,276.3275,44.3067,0.0159,1.7596,27.7592,120.1827,213.6801,92.4347,0.0764,2.8059,27.4599,64.0657,153.0257,69.1553,0.2269,8.5279,63.3161,146.1623,160.4569,0.3961,8.7372,23.4723,127.2165,89.2241,1.2662,21.8925,82.6187,171.8697,1.3759,7.9884,194.9215,113.4045,3.7485,36.1411,202.1157,1.7659,139.0473,407.3948,8.3542,168.1167,41.5154,495.0143
0.0000,0.0280,1.7958,21.8956,75.8143,144.1067,514.1369,253.2442,0.0930,2.5181,19.0323,48.2611,35.9127,46.0467,0.2228,6.5609,40.0738,41.3878,308.0524,477.5348,0.3212,5.9422,31.4606,24.9464,79.0592,0.9361,13.7828,44.1129,47.9976,499.0265,0.8915,12.3009,32.3448,56.2599,2.2997,28.1198,221.4536,138.7194,2.2680,20.7787,7.3731,6.9288,184.4486,388.2738,5.5524,22.2884,58.0572,613.9715
6.0000,0.0441,1.3231,14.6684,71.2171,67.7355,203.1651,178.8615,0.0716,2.1046,18.8662,86.5383,231.4389,169.9316,0.1538,4.1414,39.5084,104.0008,62.4514,50.2849,0.2515,5.3218,40.2465,128.4031,107.2559,0.5648,13.5711,85.9252,182.2742,28.1047,0.7441,12.6701,51.0260,65.8360,2.2316,40.2527,247.7243,224.5291,2.0286,13.8153,152.6519,8.6311,165.2802,494.4370,2.2393,135.9521,47.8638,545.9407
8.0000,0.0702,1.2308,5.5128,51.8391,79.0449,305.0231,70.4050,0.0560,1.0434,7.0975,14.4794,87.2583,75.6999,0.1493,2.1874,35.4701,141.9207,93.9521,136.8823,0.1377,2.4764,8.3238,49.2132,105.3061,0.3587,13.7989,127.4003,182.5123,103.8722,0.4054,4.5540,14.3842,111.0255,2.4484,61.7179,288.6222,146.5187,1.0366,2.2549,77.5480,13.4585,201.1232,471.6786,1.3205,34.2732,59.3841,558.6890
9.0000,0.0055,0.4023,9.0832,64.6405,143.9178,419.6868,35.2818,0.0696,1.9049,17.8799,84.1933,142.6787,160.4147,0.0458,2.4293,32.0398,111.0814,267.3708,160.8528,0.2326,5.2936,45.7992,117.0849,139.2125,0.3183,10.2649,73.5879,159.4963,191.0843,0.7648,16.0985,78.0843,122.8230,1.6134,32.1272,189.2537,46.1421,2.7788,35.5955,149.5824,6.7039,133.2166,375.3133,8.0122,118.7224,39.6700,481.4251
6.0000,0.0583,2.1526,24.7605,100.7576,189.7373,247.3430,24.2428,0.0431,1.3445,16.3184,42.8939,40.3282,111.7492,0.2531,7.0027,52.2958,138.2892,134.8153,123.2001,0.1732,5.3047,29.1645,54.0452,160.0706,0.9569,17.2590,80.0357,113.1518,186.4476,0.8181,11.6172,60.9539,197.0567,2.7666,31.6999,187.4502,13.8821,2.1637,34.6623,239.9655,6.2603,135.5928,279.5710,8.6486,188.0834,40.6958,400.6636
1.0000,0.1186,1.1281,23.9793,65.0516,60.0543,107.9841,106.5157,0.1838,3.8680,21.4597,198.0670,76.8722,168.8362,0.1502,7.4966,43.7692,44.0409,135.9526,154.2942,0.5244,6.8646,127.1193,197.7071,186.2975,1.0997,17.0345,29.9816,257.0898,109.6401,1.0630,50.0574,202.2940,224.2076,3.0501,14.0527,286.6061,131.8242,9.3455,113.0234,230.2316,3.1427,182.3661,444.4197,28.2938,161.5203,52.1477,532.5478
0.0000,0.0494,1.1732,8.1126,50.6443,170.9137,479.2788,182.4514,0.0442,1.3072,20.0479,74.1752,82.5514,36.7821,0.1369,2.2358,19.7764,45.4104,251.3028,384.5002,0.1686,6.1028,42.9913,70.9514,91.1627,0.3002,5.2904,15.0680,60.2206,410.9454,0.8978,15.6116,39.7424,88.1404,0.7351,16.1890,220.4671,101.0707,2.7422,14.1156,39.4463,4.4737,173.3102,350.8761,2.4910,1.6901,53.2568,538.4514
8.0000,0.0233,1.6574,25.4023,102.6535,167.8015,357.9228,231.1930,0.0267,0.9678,11.8501,21.4457,31.2536,27.8539,0.1936,7.0409,50.0991,59.1495,119.0768,0.2875,0.1260,3.8329,15.7563,24.2715,14.3673,0.9479,15.9244,21.7613,192.4859,89.9596,0.5888,6.5676,14.7951,21.5256,2.4932,12.6441,301.2308,145.3919,1.2588,6.4800,27.6036,3.2201,207.1513,521.5252,1.4665,23.7122,60.5549,636.8410
7.0000,0.1048,1.9731,42.9889,114.2408,200.0168,181.5391,354.8731,0.2634,6.3378,65.9646,113.7856,24.7011,68.8895,0.2604,13.5045,71.7244,193.0201,206.3810,232.1264,0.8847,22.8483,79.7165,54.4987,148.6042,2.0037,27.3713,130.6308,338.7625,37.7486,3.7107,33.4310,66.9873,84.1100,4.8873,55.9456,401.1623,65.0167,6.5319,40.1007,63.5368,11.4934,269.0154,322.2077,10.3716,116.2515,79.4574,467.1314
9.0000,0.0582,1.2984,31.9178,113.8296,88.2244,337.3734,193.4650,0.1160,0.5576,37.1994,174.4142,260.4955,137.1052,0.1620,9.6530,66.3609,81.9065,180.8067,63.8240,0.0906,11.8679,101.8333,201.3899,140.7414,1.3853,23.7890,64.3955,129.3027,46.7959,1.8187,37.9189,126.6713,67.5639,4.0458,30.2222,253.0385,99.0069,6.8384,56.6619,133.8040,6.5093,190.8897,419.3034,12.8143,140.6142,58.4503,549.2554
6.0000,0.0466,1.2237,12.5353,57.6759,29.9425,315.9607,52.7189,0.0655,2.2796,21.4038,88.5469,246.7359,160.4926,0.1394,3.3285,30.4389,64.4965,149.9199,89.3033,0.2794,6.4507,47.0805,146.9565,176.7741,0.4341,10.1228,64.4612,145.7777,81.2000,0.9457,16.6832,66.3819,140.1643,1.6284,32.2783,225.0213,175.8842,2.9285,23.1244,148.0214,7.1314,157.4502,504.4446,4.8071,120.3472,46.4817,580.7575
4.0000,0.0981,2.6902,16.7161,17.3688,155.3182,252.8692,85.4239,0.0707,3.5076,45.1622,161.3836,202.9666,75.1132,0.3148,4.8485,12.5433,141.1290,156.1665,18.1678,0.4358,13.6741,96.8328,199.3319,53.1269,0.6769,5.0777,91.2722,99.6748,112.0087,2.0134,36.5781,148.3515,14.4538,0.9279,37.9110,128.3338,321.3742,6.6451,71.8126,34.0421,7.6319,91.6037,503.0682,16.7217,38.2539,27.5027,485.1780
0.0000,0.0379,1.3805,11.7922,34.5566,105.7725,473.4824,241.9937,0.0411,1.0051,3.8243,10.0411,17.4298,32.0401,0.1554,3.1100,12.1397,4.6614,225.2773,452.9502,0.1254,1.2863,5.0143,23.3482,22.3485,0.4036,2.8643,31.4835,79.1089,433.3307,0.2008,1.7240,19.8069,2.8637,0.3457,20.3142,206.2011,94.8453,0.2999,10.1090,13.9003,4.8825,154.2315,337.9175,2.4064,15.7317,46.2824,500.4028
8.0000,0.0012,0.7961,11.0243,43.1334,107.2787,414.2626,92.8858,0.0840,1.2365,9.3320,58.9031,110.7966,96.3227,0.0975,3.2026,20.2389,38.5702,157.7369,101.7730,0.1512,2.9179,37.4741,94.2740,105.1649,0.4460,6.3007,40.4582,140.6314,131.2145,0.4423,14.9340,76.0752,47.7184,0.9738,22.7906,266.2781,146.3576,2.8134,40.1614,23.4681,5.2989,189.8345,533.2243,9.8613,42.1356,56.2184,642.4061
1.0000,0.0894,2.1830,23.0999,52.9324,70.7790,191.1096,33.2407,0.1510,2.7679,33.7345,184.3228,216.4584,68.8200,0.2757,7.0871,33.7781,71.5871,91.0754,41.3608,0.3800,10.9219,118.0012,281.6478,104.3121,1.0274,12.8372,52.3212,181.8522,115.6454,1.6892,46.3072,233.7186,142.4463,2.2715,24.1205,231.2017,331.3228,8.6203,118.5762,157.2399,5.2422,153.2302,570.0283,28.2380,115.2535,44.4782,582.5851
1.0000,0.1056,2.6198,24.5981,102.0500,121.5146,97.1441,25.3459,0.2326,4.9990,36.0393,91.4720,72.0832,167.5922,0.3348,7.6790,63.6135,189.3820,147.5864,51.6784,0.6803,12.1330,61.0243,87.6769,186.0281,1.1305,23.7289,156.3028,326.6000,36.2928,1.9338,25.1973,73.2089,211.8912,4.1412,73.9767,367.9209,181.3132,4.8938,38.4745,191.1086,16.0562,234.2575,474.9674,9.5104,115.7517,66.9933,548.3981
3.0000,0.1357,2.6375,19.8043,56.2499,67.1943,193.8733,15.5415,0.2221,4.1098,17.0042,89.9734,75.4588,275.5028,0.3377,6.2303,36.4375,117.9317,139.1974,131.7606,0.5650,6.7017,59.5747,10.8348,271.6987,0.9264,14.0194,97.6518,321.6633,133.5653,1.1785,25.0433,50.7693,196.6158,2.5066,46.1105,370.8571,114.7938,4.9481,38.8884,104.3981,10.0012,236.1128,464.2195,11.1218,36.5033,67.2715,572.4559
9.0000,0.0683,2.3357,24.9388,67.0647,26.2998,270.7772,130.8329,0.0952,2.6029,29.6209,104.4677,206.0547,134.5650,0.2840,7.4963,43.2160,44.0330,170.7637,5.0087,0.3280,9.0789,58.3872,125.8679,145.4396,1.0672,16.1189,54.1881,170.4701,73.5039,1.3474,21.0116,57.1839,87.4777,2.7895,29.0677,230.9355,70.5102,3.6917,18.8348,108.6146,6.6593,161.2683,342.4818,3.5525,106.6904,47.9813,445.3617
0.0000,0.0393,0.5662,22.0399,112.4169,141.3840,470.0647,168.1390,0.0457,2.0166,12.7798,10.9139,74.2817,69.4374,0.0674,6.0319,55.1453,64.9660,230.0615,377.4058,0.2531,3.5378,2.4761,26.6596,65.0456,0.8049,17.5622,25.8039,67.6636,402.2477,0.4870,2.8516,30.0781,40.2935,2.7508,9.7046,210.0436,96.8562,0.7366,21.4560,24.1372,2.0849,160.2401,339.2772,5.9519,22.6463,48.5171,516.3055
4.0000,0.0504,1.4796,16.0307,114.5924,198.0100,111.4672,308.8815,0.1691,4.4658,31.5938,109.8177,180.3554,132.7844,0.1782,4.6541,59.2829,201.1492,77.7439,298.9384,0.5620,10.0067,67.3411,153.2725,180.9711,0.6506,19.6588,137.5215,173.6443,157.1307,1.5198,25.7388,100.1017,193.9721,3.1740,58.7816,202.6810,128.4896,4.7121,44.9869,164.8520,12.0124,130.0045,408.6991,10.1303,101.0145,37.1797,461.5281
5.0000,0.2134,4.8014,38.6582,134.2190,43.8649,254.1874,87.0404,0.1669,2.4568,10.5272,59.2492,189.4456,170.0342,0.5970,11.8675,81.7993,104.3306,203.7918,111.2716,0.3406,4.1013,32.0250,134.9945,159.9205,1.7293,30.2998,100.9378,202.9389,56.1771,0.7138,11.5458,77.4777,111.8564,5.2780,52.0632,239.0932,196.4634,2.0806,30.5537,112.2499,11.8983,164.9240,519.5492,6.1009,96.9068,49.3955,599.1945
6.0000,0.0042,0.1875,3.9749,32.5488,58.0304,153.7478,186.7167,0.0670,2.5642,31.6741,131.5488,230.3727,127.6969,0.0275,1.2626,15.2812,81.8235,83.5112,44.4335,0.3185,9.4089,68.1935,138.6356,110.9178,0.1860,4.7148,65.8328,254.8442,5.2813,1.3617,23.2091,59.1665,73.0144,0.7215,30.2302,304.5267,207.6232,3.9183,16.2783,146.7065,6.3885,194.6554,502.5501,2.2571,136.8194,55.3235,570.2654
1.0000,0.0297,1.4208,21.1000,43.9089,80.2549,121.5256,58.3521,0.0816,0.7531,27.8951,199.0362,244.0589,63.0295,0.1684,5.9906,26.1664,66.0832,44.1507,62.8954,0.1023,8.4244,116.8851,275.2380,40.6340,0.8210,9.3755,42.0390,184.1524,139.9717,1.2344,43.3411,215.4788,25.3477,1.5840,17.3917,220.6128,346.8939,7.7622,105.7220,65.1833,3.4893,140.6630,560.3721,24.6497,61.3237,39.9266,555.1696
0.0000,0.0423,0.3253,12.0291,89.6915,185.8550,513.7151,218.4526,0.0505,1.4205,9.2691,12.9899,39.4074,61.6903,0.0381,3.4082,46.2548,104.1202,315.3053,507.4548,0.1769,2.8330,8.9774,23.3442,60.7193,0.4654,15.2710,59.2227,36.6402,541.9437,0.4175,3.5557,12.0413,55.6502,2.4534,26.8226,169.7927,170.0001,0.6553,5.9237,45.5241,5.9338,146.5829,358.5725,1.5454,29.7879,46.3848,581.8859
1.0000,0.0834,1.0858,26.8697,52.6681,76.1446,199.8460,24.5467,0.2416,3.7685,12.9979,139.7344,149.3125,60.5182,0.1366,8.4319,38.4782,78.0341,135.9998,68.6714,0.5009,4.3435,101.4329,243.7866,116.2100,1.2386,15.5055,50.6044,248.6728,0.4335,0.6771,42.4590,225.6436,153.8044,2.8250,20.3740,293.7918,276.8489,8.2004,121.3644,167.5839,3.9569,190.5104,605.5433,29.8599,124.0285,54.8153,663.1785
3.0000,0.0859,3.3774,36.3507,59.4654,110.1044,317.7939,187.9710,0.0515,1.6787,18.7557,1.0736,101.0503,167.5373,0.4031,10.4822,35.4668,106.7951,143.4391,21.9631,0.2104,6.0476,5.6484,99.8000,161.0237,1.4581,13.1465,88.3610,168.2330,197.3038,0.9386,3.7295,67.9028,168.5175,2.2985,42.5114,293.7658,89.5236,0.8765,29.7073,147.6003,9.2952,212.5701,224.0212,6.3788,90.9342,63.8852,394.6799
8.0000,0.0385,0.9544,17.1003,80.7022,235.5736,472.1193,163.0458,0.0225,0.5746,3.4060,15.1351,5.3676,11.9492,0.1172,4.8088,39.7378,95.3686,252.4741,63.2284,0.0718,1.2421,10.9735,17.8891,17.6848,0.6551,13.0000,31.4295,61.5503,140.4703,0.2039,4.5632,18.8135,30.6013,2.0996,16.6949,219.4758,112.9635,0.8748,10.5197,34.2564,4.4516,173.1243,509.6188,2.6234,24.4274,53.2952,638.7524
7.0000,0.0835,1.0913,9.7821,37.7503,112.2586,166.6030,196.8216,0.0659,2.8015,54.1327,173.0445,252.6283,224.4292,0.1255,3.2100,23.8442,92.1127,14.9648,5.4922,0.3586,17.0524,103.8208,163.8691,196.8908,0.4837,9.1959,58.6560,224.6841,111.0630,2.5786,39.3065,82.4614,54.7142,1.6467,24.1972,304.8192,48.3754,7.1606,30.2643,94.4614,4.8312,204.7675,369.4956,6.0779,123.2946,59.6712,500.3508
0.0000,0.0292,0.6491,9.5213,47.1436,124.1717,455.6579,317.1019,0.0519,0.7078,5.4189,31.8048,38.2720,23.9883,0.0804,2.8501,29.8889,96.8101,238.3937,565.1343,0.0829,1.6229,20.8845,31.3037,58.5960,0.4041,11.0704,78.0871,61.7709,516.5715,0.2356,8.2774,26.3018,74.5037,1.9046,37.9968,187.5787,107.4977,1.5440,15.0035,55.3819,8.3693,146.2797,391.7594,3.8837,25.9856,44.7268,573.2681
9.0000,0.0389,1.3643,15.3636,58.6286,35.4640,156.4997,55.4642,0.1045,2.4829,25.8489,116.9924,184.5707,209.5846,0.1603,4.3336,31.2978,57.1934,71.2416,68.2926,0.3110,7.9227,64.9479,113.2314,177.1299,0.5928,10.5531,55.1723,215.8274,86.3146,1.1777,23.8902,67.2439,161.7712,1.7193,27.4482,268.1592,125.6389,4.3075,32.8589,196.6431,6.0559,174.4238,424.7423,8.0751,152.7298,50.0223,508.9160
8.0000,0.0233,1.0718,16.7617,94.2087,150.0552,10.7907,232.6772,0.1272,3.3828,24.9907,50.0985,31.9739,73.2107,0.1367,5.0875,56.1983,201.5363,148.9004,142.5583,0.4376,8.1954,36.7770,43.5514,37.4825,0.7279,20.1123,152.7462,299.7394,94.5451,1.2736,15.6448,40.1555,28.8930,3.3940,68.5542,320.3882,201.9599,3.0630,22.6224,30.0035,14.3744,198.2397,383.6069,5.8204,20.0567,55.7736,418.2321
0.0000,0.0340,1.2114,13.6686,39.5993,55.7818,447.0106,235.8393,0.0378,1.3353,20.3507,64.5984,91.4223,78.8239,0.1419,3.7497,17.6318,26.1436,183.5112,399.5718,0.1749,6.4140,39.1972,59.0622,113.5103,0.5023,5.3075,41.7311,117.7786,358.4544,0.9646,14.8227,30.3352,67.0080,0.8057,22.6334,236.1952,20.1864,2.6881,13.4384,10.8128,5.1129,169.2264,401.2881,3.3258,36.4188,50.0537,544.6420
7.0000,0.1496,0.8355,33.2181,88.1837,84.2667,116.8091,127.0259,0.1633,3.7704,56.7121,145.4475,152.7625,233.7793,0.0956,10.1418,54.1510,104.0767,52.8414,16.1480,0.5023,18.6917,85.9460,103.5790,232.8719,1.4699,20.3653,74.7911,268.1345,122.2355,2.9341,32.7512,68.1218,160.0212,3.5985,31.9547,340.3580,15.9430,6.0455,34.7607,169.9410,6.4324,225.8905,321.3273,8.6624,162.2007,65.7475,461.0867
0.0000,0.0520,2.3079,26.3957,65.1617,74.5840,479.3218,260.5266,0.1774,2.2903,13.3355,53.2675,14.1807,35.6684,0.2854,7.7783,37.7423,40.8881,234.8650,439.5072,0.3170,5.3409,48.5613,54.3056,15.2804,1.1005,13.8100,62.9777,86.2797,422.6791,0.9308,22.4666,74.0832,24.4297,2.3997,35.4681,244.4415,77.0862,4.5836,46.4356,5.2701,8.2744,188.0358,392.7638,12.3208,10.7715,57.5080,577.3457
3.0000,0.1216,1.2577,21.6284,78.3708,46.1632,251.8986,399.4355,0.1883,1.6014,42.4190,76.7283,233.1811,101.1556,0.1446,6.4105,49.5697,62.3737,77.0556,194.0215,0.1901,13.6077,58.2365,220.1997,125.2890,0.9075,18.5968,55.5234,204.8351,10.8524,2.0894,25.1522,151.1273,182.0411,3.2498,26.5359,322.2381,69.2694,4.9580,67.9971,191.3158,5.7106,226.5907,367.2549,15.0193,132.4993,67.3536,507.6098
3.0000,0.0574,1.7322,23.3988,116.8214,147.8103,125.7226,247.8192,0.2672,5.4733,31.4833,46.9363,147.2414,119.2668,0.2467,7.7108,75.0867,223.0180,22.2852,187.2973,0.7731,11.8616,41.9202,92.4693,155.5987,1.1805,28.6371,185.2691,216.1351,101.6733,2.0229,21.2948,54.8298,157.2901,5.0809,88.7995,306.5565,170.1288,4.6442,32.7160,112.4781,19.4907,214.3398,363.4657,9.3902,62.4377,64.1874,431.2866
9.0000,0.0428,0.6121,12.3985,39.2550,34.6179,199.9073,229.9662,0.0777,4.1022,50.0006,143.5365,172.3858,122.6276,0.0818,4.0177,23.3780,77.7136,91.6475,102.3396,0.5301,15.4681,79.0371,77.7789,110.1680,0.6024,8.6072,64.5395,226.8603,9.1231,2.3149,28.3484,13.1195,79.3166,1.4974,29.6921,299.6649,142.6220,4.9877,6.4086,177.1019,6.2617,201.0438,412.9450,3.1726,171.7855,58.6308,505.2183
1.0000,0.0861,1.4787,24.8586,49.3141,42.7941,79.8478,102.6747,0.1821,3.6296,32.9341,223.8966,201.1675,96.9066,0.1867,7.4966,33.2278,67.5026,159.2155,70.2887,0.4784,10.3897,136.0161,248.2107,93.7133,1.0746,12.9944,53.5820,270.5503,87.5882,1.5790,51.9478,210.2100,91.4867,2.3346,24.6935,283.3308,257.3897,9.5232,109.0854,99.8637,5.2817,175.5478,483.2133,26.3911,78.5809,49.5964,516.9915
2.0000,0.0189,0.8851,18.6746,62.1346,27.4875,231.3884,161.7316,0.0627,1.7031,17.9855,3.9918,171.5093,106.0333,0.1028,5.0025,28.6950,78.3798,63.4327,84.5410,0.2082,5.5953,14.9764,94.6834,64.8528,0.6598,8.9303,70.0880,267.1195,222.4822,0.8353,8.3461,39.3510,44.0297,1.3911,33.1873,339.8418,58.9672,1.8029,14.0587,35.2971,7.0963,220.7737,271.1588,3.2921,23.5234,63.0882,422.2068
0.0000,0.0317,1.1242,12.5265,54.9711,118.3611,369.2968,200.7942,0.0325,1.0461,7.4476,26.0160,25.8095,53.9919,0.1253,3.2524,26.6105,84.6693,132.0176,290.0319,0.1253,2.2503,15.0659,28.8337,30.5550,0.4197,8.6883,69.3584,117.0577,209.5844,0.3293,5.4986,22.9215,17.3703,1.4001,33.3357,214.9480,97.4653,0.9717,11.2881,9.7910,7.2271,150.3811,440.8624,2.6286,3.5612,44.0202,525.5636
8.0000,0.0129,0.3394,5.4663,59.7581,162.7010,408.5619,97.8139,0.0148,0.7251,6.2089,17.2209,35.2960,54.0462,0.0363,1.3991,23.5655,51.1285,144.8567,133.6575,0.0838,1.5652,11.2434,39.6339,72.7270,0.1770,6.2155,9.3801,149.3169,174.3601,0.1991,4.5520,35.5790,69.0538,0.8328,10.2387,267.2928,114.6676,0.8638,19.1751,48.5582,2.9602,187.1795,516.5409,4.7181,25.2649,54.9164,634.5333
0.0000,0.0326,0.7781,5.8143,42.0933,49.7481,349.4635,255.9271,0.0447,1.4039,12.9689,43.9446,58.0286,51.9673,0.0857,1.5122,25.5045,101.2403,110.6639,353.8840,0.1690,3.7968,24.9346,34.9938,58.8041,0.1971,9.2725,94.5083,146.4692,294.5945,0.5447,9.2206,26.6710,46.6594,1.5746,45.6385,246.1035,3.2467,1.6606,15.5992,11.8562,9.8597,170.5087,348.6029,4.0998,9.9596,49.8918,464.5165
7.0000,0.1672,1.4109,33.5798,86.8829,137.2394,104.5352,260.0617,0.3566,3.6456,69.1727,146.6707,142.9522,206.1308,0.1552,10.4723,62.2562,139.3137,108.9514,154.0631,0.4777,23.0565,99.1357,59.4824,271.2233,1.5406,25.2321,92.2895,265.8969,8.9922,3.6547,41.1354,16.8107,191.0718,4.6447,38.3044,336.3148,30.4488,8.0118,12.0850,111.2378,7.6690,227.4456,271.8272,3.8866,120.3428,67.1416,407.8892
7.0000,0.1902,2.1864,13.5120,36.5764,27.5745,174.0763,178.8004,0.1702,4.1548,65.8902,176.5026,212.3932,211.8514,0.2711,4.8814,30.3578,58.8665,24.9602,29.4045,0.5498,21.3798,106.4198,114.4827,214.6624,0.7798,13.1502,49.5090,195.7398,106.2345,3.3152,41.0462,44.5234,108.9730,2.5085,22.8635,290.4349,2.3682,7.6300,17.1221,138.9216,4.8448,202.4991,282.8960,4.6551,157.2736,60.1931,425.2519
7.0000,0.1295,1.2479,29.9512,94.2349,181.3462,186.2061,332.2223,0.1471,3.1128,55.1958,113.9903,36.8532,85.7539,0.1533,9.0443,54.6945,143.2245,214.9032,161.3440,0.4168,18.1162,74.7639,44.0230,163.7148,1.3026,19.9944,82.3627,319.8334,14.0410,2.8300,30.1167,60.6821,74.3888,3.4775,30.9409,347.4889,38.5275,5.7300,37.9987,75.3350,5.7472,221.8618,277.8342,10.0273,122.3323,63.7348,399.9240
4.0000,0.0524,1.9537,14.9905,14.0717,33.1493,40.0379,28.8761,0.0438,0.5047,29.1781,175.5523,140.4071,178.1069,0.2302,4.2199,9.4217,59.5337,197.9114,68.4567,0.0794,9.2818,106.9061,143.0284,183.5098,0.5822,4.1403,52.0173,327.5317,30.5177,1.4148,40.7179,125.2679,166.3551,0.8029,25.4216,324.1052,222.9047,7.4340,67.7849,180.1372,5.6212,193.4170,527.4888,16.8137,142.1710,53.4618,583.8116
8.0000,0.0096,0.0338,3.3711,39.1606,92.3683,396.6328,11.2100,0.0428,1.4221,10.0958,63.2631,69.3479,89.1584,0.0071,0.9341,19.1222,68.5183,157.6605,186.3331,0.1688,3.1125,35.9202,72.4970,87.3161,0.1286,6.2672,54.2524,106.9596,183.4506,0.4619,12.9261,52.5280,55.8354,1.0115,25.7919,202.8902,92.7255,2.2615,24.3993,23.5393,5.5746,143.0061,436.6194,5.4939,7.7690,41.9222,528.3626
8.0000,0.0081,1.4986,25.8292,97.0025,144.2469,410.3261,29.5677,0.0432,0.8969,10.2501,33.7213,24.3184,65.8592,0.1686,6.9119,45.5387,51.8102,173.2994,124.8105,0.1076,3.1505,23.2986,34.2584,51.4335,0.9069,14.0847,18.2846,116.5146,123.2581,0.4672,9.3911,31.4124,37.4094,2.1630,9.9546,229.1959,151.3177,1.7630,16.8563,22.5466,2.4996,164.3710,509.1144,4.1348,10.7420,48.6715,601.0370
9.0000,0.0158,1.3353,24.7232,112.0258,193.4092,322.7995,12.5076,0.0303,0.9752,19.1102,74.4976,117.4565,56.7545,0.1578,6.9087,57.3561,128.0375,204.0756,124.9374,0.1374,6.2748,43.7706,97.2894,101.8205,0.9360,18.7668,69.4092,145.5262,159.6052,0.9701,16.1643,76.0227,170.9680,2.9912,26.4862,197.8256,48.6509,2.8816,38.9408,225.6636,5.1246,140.5859,363.8068,9.3627,179.2082,42.0109,474.2441
7.0000,0.1429,2.0049,25.5570,87.3031,58.7161,125.2045,107.0960,0.1983,2.8998,64.4715,207.2906,112.4467,296.1576,0.2222,7.6631,58.1364,75.1448,56.1421,64.2033,0.3963,21.4235,132.4209,79.8229,273.8082,1.1039,22.5757,58.0753,270.8606,193.6866,3.3709,52.5222,42.6101,167.8943,4.0425,26.9321,338.9262,53.3422,9.8912,15.7249,167.8911,5.8188,223.4738,277.4785,3.0542,160.1746,64.8417,444.8487
8.0000,0.0190,0.5042,2.2968,24.4627,43.9218,388.2967,61.3556,0.0212,0.5677,8.5006,49.4961,106.4692,87.6868,0.0533,0.5640,14.1786,50.0740,123.2476,116.6067,0.0713,2.4288,25.0680,83.6453,77.3450,0.0719,5.0897,56.2277,142.0469,100.4874,0.3430,8.4218,50.8423,56.0860,0.8597,28.4370,235.2239,176.6068,1.4101,20.9993,47.2882,6.2427,160.1536,507.4928,4.3737,34.0083,46.2881,575.1059
8.0000,0.0677,1.0847,33.1976,139.8449,156.7484,371.3251,97.6915,0.0685,1.0715,19.5532,34.4565,52.2154,153.2568,0.1286,9.2474,71.5503,66.1140,166.7925,58.7730,0.1366,6.2531,23.4760,18.2336,99.7179,1.2519,23.6076,26.0011,122.8786,137.4604,0.9562,9.8311,22.5149,76.6678,3.8015,11.7275,254.3442,70.5483,1.9100,14.5737,74.3147,2.7864,186.9808,429.4539,3.8304,53.8793,56.2256,562.5326
7.0000,0.3435,1.8726,27.8054,33.9749,93.7722,209.1937,154.3822,0.2618,6.9112,86.4269,147.4137,225.0129,189.4160,0.2434,9.8094,33.4811,138.0657,105.7022,98.0603,0.9411,30.5905,105.9143,174.4406,279.4789,1.5723,16.9591,103.2144,168.1175,54.7095,5.0468,45.9024,108.9153,272.1979,3.5572,44.8104,308.2821,16.0973,9.2165,50.1541,198.4483,9.0889,234.2541,252.4151,11.8512,147.5137,72.7787,423.1580
1.0000,0.0722,1.5915,25.5699,74.6587,21.1810,137.6345,61.9948,0.1655,3.3157,8.9063,54.4347,53.1651,105.9104,0.1904,7.4393,42.4459,49.0765,153.3782,139.7117,0.4273,2.7916,36.8400,74.6245,156.4649,1.0387,14.9941,45.9422,349.7925,151.1268,0.4340,15.4654,76.9259,191.7674,2.5269,22.4724,389.3105,167.2432,3.0238,44.0325,183.5072,4.9154,243.1162,595.5832,11.1990,120.3595,68.4629,713.1102
6.0000,0.1038,2.5365,26.4449,121.3472,159.5849,239.0288,263.3405,0.0274,1.1106,5.7465,78.2920,252.5193,215.8005,0.3038,7.7243,67.0089,148.6881,87.0924,100.6734,0.1226,1.0751,36.0593,152.5136,192.2645,1.0818,23.1225,103.5893,147.8829,0.9272,0.0916,11.0052,76.9701,62.3045,3.8284,45.8867,242.2370,151.3603,1.6911,31.8683,128.7431,9.6627,172.0331,439.5739,7.3099,141.0054,51.3333,533.3372
2.0000,0.1266,3.1400,35.8340,82.6787,121.8570,233.9031,412.9581,0.0786,2.0005,25.0468,23.1839,77.8646,37.6575,0.3872,10.6928,52.0122,101.2911,193.8221,159.9385,0.2226,7.1261,21.6201,109.6456,31.0596,1.5239,19.8245,86.5764,313.1407,78.3283,1.0090,10.1149,90.9408,48.2020,3.5175,43.8842,381.0422,17.5510,2.0673,45.5072,68.4291,9.9593,254.0398,279.1976,10.6974,53.9723,74.3070,441.1329
5.0000,0.0540,1.8022,33.9785,96.6170,54.7385,479.5616,229.4546,0.1436,1.9016,9.7511,61.5449,49.9291,108.4581,0.2189,9.8700,53.3173,83.1767,326.0087,7.4659,0.2498,3.3469,46.6425,21.7294,52.3830,1.3793,18.5093,69.1165,282.2713,144.1004,0.5361,20.3156,49.9931,31.1721,3.0859,32.2876,342.6480,27.3518,4.0377,35.6392,41.6495,6.8934,234.9654,400.1020,9.9443,40.1979,69.5043,562.4021
0.0000,0.0158,1.5605,29.9272,122.5780,160.8998,536.7013,131.4863,0.0963,1.2529,5.0416,32.8747,18.0799,25.2273,0.1911,8.6853,63.8099,61.1979,285.8223,385.1876,0.1526,1.6856,22.1538,26.1187,36.0736,1.2077,21.1902,11.9345,70.7992,473.6257,0.2679,9.0565,26.0270,44.9888,3.4188,6.9223,259.4929,163.6730,1.7361,15.0723,23.5860,2.1999,204.9987,351.4007,3.8971,3.7140,63.2211,589.9619
2.0000,0.0507,1.4647,19.4927,84.5796,97.9391,245.2011,246.3742,0.0600,0.0811,14.2607,20.8823,126.7488,105.0340,0.1710,5.4407,42.3048,31.0904,155.2743,58.0687,0.0073,4.1490,16.6398,93.7257,46.7255,0.7360,13.7017,37.6193,322.0020,222.9488,0.5950,7.6345,56.5664,27.3892,2.1754,22.1348,382.2010,31.0914,1.5437,24.4066,43.3187,5.2504,245.3580,352.9915,5.3777,34.5188,69.9552,520.6133
0.0000,0.0356,2.5830,31.2752,94.1659,142.8439,479.9970,70.7728,0.1284,2.4847,21.7899,71.1550,90.6122,182.8033,0.3133,9.0741,47.3717,32.6301,273.0974,311.6023,0.3409,7.5472,47.1712,74.0641,104.7085,1.2665,15.6803,25.9404,56.2846,412.1064,1.2134,19.1260,49.7057,44.3347,2.5526,20.2048,240.1130,145.1090,3.6513,23.1231,26.7919,5.2675,194.1465,322.2062,5.3814,19.9823,60.5261,543.3598
9.0000,0.2531,5.1795,38.9866,126.2963,123.4354,90.4757,174.3786,0.3993,7.4926,42.7454,82.6865,90.5577,79.9046,0.6772,12.7042,84.8401,203.9290,96.5238,139.9065,1.0386,14.8538,56.8330,102.8849,110.2259,1.9328,33.2876,178.8882,259.0259,101.9764,2.4348,24.2262,79.3608,165.0344,6.0204,88.4919,326.6709,206.1689,4.8483,38.5124,173.6209,19.8099,222.0275,411.2913,9.0339,113.8413,65.9504,469.7670
1.0000,0.0589,1.2496,23.7175,62.5151,97.1463,113.1426,22.4639,0.1515,2.2082,19.8556,148.8730,230.7605,68.1532,0.1543,6.7571,36.8305,92.1774,43.7903,20.5095,0.2949,6.1657,94.0807,260.7647,38.7746,0.9322,13.2806,60.5031,189.2188,153.5869,0.9273,36.3556,204.7563,45.3621,2.2655,25.3955,224.5519,410.2703,6.6781,101.1193,75.7214,5.1620,142.7357,646.6179,23.7272,66.1880,40.4788,627.9538
3.0000,0.0842,1.5587,18.1582,26.4787,73.2479,260.1538,11.4357,0.1576,3.2870,12.4202,140.3535,95.1671,263.6085,0.1880,5.3979,18.9366,111.9833,130.6822,97.4019,0.4225,3.4600,87.6443,91.1066,289.5526,0.7671,7.5629,86.3393,205.9578,178.4126,0.4964,34.3050,96.7062,236.6251,1.3722,38.5312,297.2928,19.0275,6.4044,58.9505,140.2947,7.9993,206.3708,297.8237,15.5676,56.3146,61.0801,443.0216
0.0000,0.0259,1.1723,14.5632,52.3563,90.0097,422.6210,153.2787,0.0712,2.7791,25.8859,38.3699,70.8502,155.6375,0.1348,3.8412,23.0982,38.6786,199.5958,324.4313,0.3508,8.0005,26.1957,30.1805,103.3557,0.5029,7.4129,58.4130,91.9560,338.3459,1.1955,10.9081,6.9909,47.0651,1.2188,32.9842,233.0368,55.3638,2.1185,3.8643,29.0459,7.6659,175.4700,347.6158,1.4799,26.5453,53.1274,506.1350
8.0000,0.0494,1.6534,23.5861,88.1091,101.5831,322.8740,233.7147,0.1261,2.7453,11.8876,54.5107,116.8416,64.0455,0.1972,6.7939,47.0113,55.5662,100.2461,14.2262,0.3492,3.1703,27.8206,69.1014,62.6612,0.9426,16.1244,55.5921,185.8159,92.6503,0.4229,10.0790,54.4953,71.6887,2.6746,29.9129,306.2113,119.3412,1.8383,31.0975,86.9831,6.8878,214.8720,491.1034,8.0075,65.9980,63.5531,618.9939
2.0000,0.0283,1.5416,16.5850,19.6854,88.8969,267.8251,64.5461,0.0919,3.7912,28.1950,10.3395,215.4838,157.8540,0.1792,4.5229,7.8886,89.2105,112.8964,114.3103,0.4831,9.1077,13.8976,151.3766,53.4547,0.6058,2.2416,77.3074,196.6893,180.6858,1.3954,7.2811,83.0691,29.6532,0.3299,37.0659,277.5514,13.9492,1.5535,32.1519,20.8718,8.0053,188.3207,331.9293,6.4954,7.8118,54.9412,453.9852
1.0000,0.1275,1.7282,13.3999,78.0723,22.3033,200.9393,51.9435,0.1004,3.2220,4.2792,154.3542,212.7449,89.0869,0.2057,4.3403,49.4458,14.6141,87.7439,17.5856,0.4494,0.8605,102.3961,320.4860,96.9235,0.6489,18.5597,9.5377,125.6928,48.6879,0.0895,40.8387,282.5063,167.4199,3.2462,4.6337,199.7897,271.6971,7.6600,147.5047,221.2884,1.0760,142.0962,564.6965,35.6374,171.8776,42.4935,619.5536
1.0000,0.0506,1.8097,14.2792,38.9604,157.4072,165.6562,1.8686,0.1024,0.8047,15.2199,100.9918,199.1882,81.1427,0.2110,3.9446,17.2182,167.2354,73.6741,10.7386,0.0977,4.9354,66.5076,223.3905,97.4626,0.5319,4.9529,114.3294,242.1155,85.7852,0.7560,26.1714,172.0265,55.1912,0.7078,48.3867,291.7731,358.2650,4.8490,83.5882,52.2851,9.7850,186.8690,644.5143,19.3956,57.6666,53.1604,659.1620
3.0000,0.1128,2.3413,32.4909,66.3940,128.1808,349.5594,285.2053,0.2194,5.3514,24.7735,65.0102,160.1296,206.4082,0.3023,9.8306,41.4087,126.8810,141.4507,76.9053,0.7090,8.9758,50.7260,97.0662,199.0192,1.4197,15.7660,82.6216,143.4071,90.2740,1.4906,23.5523,67.9739,191.3089,2.8093,33.8191,275.0738,16.7436,4.8910,42.9030,135.4062,6.7065,200.5430,313.8937,12.0580,62.9370,60.3324,454.5444
6.0000,0.0447,1.5892,32.0004,137.7523,247.7547,232.4124,59.9129,0.0791,1.3379,26.3371,92.6257,78.1310,61.0325,0.1965,9.6374,76.1449,189.8877,192.0339,225.3493,0.2050,9.1028,59.3873,76.5831,73.1022,1.3795,26.3731,110.5666,189.5743,315.0124,1.4661,23.4740,75.0214,159.2932,4.3845,43.1229,250.3305,110.3470,4.3955,42.8373,215.9113,8.3545,178.2071,277.4392,10.8884,177.0231,53.7862,468.2344
4.0000,0.0580,2.9085,30.0642,91.4468,94.5987,32.3330,81.8934,0.1880,2.1188,25.7838,175.5358,150.5123,174.2329,0.3444,8.6277,50.2326,54.3068,143.7631,164.5465,0.2840,8.2253,106.0638,159.1882,107.2481,1.1955,17.3445,26.9265,231.6662,114.9276,1.2634,40.3249,134.7088,115.1930,2.8787,11.4724,224.4554,107.4689,7.3664,70.9603,155.0890,2.5944,132.4884,364.6093,17.3466,122.5187,36.4465,425.6594
0.0000,0.0268,1.0556,14.6549,73.2872,147.1643,436.7910,295.2690,0.0270,0.2863,0.9719,22.0502,29.6044,72.2270,0.1196,3.8627,35.2037,92.2450,219.9924,434.1817,0.0333,0.1405,7.2746,27.0944,26.2856,0.5020,11.1756,63.7082,38.6575,356.3769,0.0508,1.8935,20.3054,37.2780,1.7550,29.6537,164.6272,7.0663,0.3321,10.0415,64.4247,6.4194,128.4739,396.0576,2.3775,50.7160,39.1240,522.3136
0.0000,0.0097,0.2354,3.0364,47.0757,217.2796,494.5713,165.4263,0.0404,0.7005,4.1700,28.0810,8.2602,53.0877,0.0270,0.6874,16.3471,90.6992,275.9560,428.1418,0.0923,1.5411,16.6844,11.9729,46.4957,0.0775,3.7618,24.3605,37.4122,469.4417,0.2562,6.3662,11.3648,37.3410,0.4537,11.2447,197.7268,132.7556,1.1706,6.5820,40.4098,3.2352,160.2498,354.5091,1.7174,32.1310,49.6672,557.6015
5.0000,0.0911,2.6045,29.8586,58.9492,95.8247,457.4876,267.2451,0.0901,1.9180,9.7162,50.5276,45.0692,51.4496,0.3187,8.8307,37.0454,139.3394,306.4988,71.9445,0.2380,2.3826,36.0449,66.4306,76.4324,1.2501,14.1206,113.3622,286.6200,86.4666,0.2902,15.0928,68.7300,73.2384,2.5058,53.0629,354.7122,46.3138,2.9275,39.4476,52.9013,11.4179,243.0889,376.1820,10.0551,30.8111,71.8852,522.7317
7.0000,0.1454,0.8557,40.8481,149.6803,140.6099,115.3541,288.2717,0.3834,1.1799,46.7735,128.0559,42.3458,191.8737,0.1014,12.0690,91.9300,132.0569,135.1844,124.2192,0.1286,15.8203,84.7556,31.2682,212.5526,1.7112,34.1466,87.2939,282.9995,54.5444,2.5309,34.9231,43.7425,99.9571,5.9542,37.1069,330.6775,8.9932,6.7803,25.9274,103.3352,7.6320,215.3913,234.0552,6.5375,135.2295,62.3642,372.1080
2.0000,0.1178,1.7288,28.9553,85.6744,107.0476,213.8718,263.0631,0.2279,4.4953,30.7496,148.1526,245.5121,187.9478,0.2366,9.0319,50.6682,65.5562,84.1622,49.0466,0.6141,10.8639,90.5319,187.2348,177.4721,1.3286,18.5811,39.7189,220.4610,124.6495,1.7765,35.1582,121.9150,75.7757,3.2298,16.8887,318.6622,0.6169,6.5597,58.3483,66.1244,3.4922,220.6175,335.0006,14.0041,95.5112,65.3044,496.0043
7.0000,0.1722,1.3921,37.1306,105.7136,26.2759,98.4475,213.4488,0.3491,0.8653,57.2597,201.5095,184.5314,188.3875,0.1620,11.4245,70.2487,36.3330,4.8639,100.9038,0.1008,18.9197,120.8861,139.4643,201.6406,1.6658,27.3750,35.2928,181.6019,64.1267,2.9858,46.6315,88.2314,125.9889,4.9245,17.0982,272.6543,22.6830,8.6849,40.6806,116.5212,3.6739,193.8896,222.9881,9.4802,132.0432,58.3989,370.2384
1.0000,0.0875,1.9753,11.8861,18.3516,110.9424,170.2625,62.6747,0.1194,2.4433,12.4378,89.7149,166.2907,43.6863,0.2363,3.5145,7.1669,139.1192,131.3589,1.5284,0.3099,4.6307,60.7927,201.3448,69.3918,0.4965,1.7740,102.1955,299.3211,49.7511,0.7720,24.4936,160.6095,85.3658,0.2179,44.8531,339.6605,313.4785,4.6199,79.4857,91.7996,9.2543,213.5515,622.8192,18.6339,68.9732,60.2968,661.5960
8.0000,0.0143,0.2267,1.4685,25.0894,117.4602,388.1661,43.8255,0.0256,1.1387,8.2938,9.0530,10.8148,111.8733,0.0270,0.3590,7.2540,16.0429,149.6246,201.6374,0.1329,2.4354,6.1537,13.7807,119.8682,0.0503,1.8071,22.7366,103.7328,172.1908,0.3495,2.4977,10.5173,112.9564,0.3071,16.1781,201.8757,110.4343,0.4721,4.9268,85.6384,3.9903,142.0492,445.7542,1.1073,46.7618,41.5660,527.7610
9.0000,0.0900,2.7831,31.2240,101.3755,110.0114,262.8069,176.2785,0.1997,2.8131,25.2199,115.6946,157.6350,205.9120,0.3389,9.0225,54.7186,83.5479,123.8532,30.4354,0.3690,7.9937,71.2075,129.2927,137.2955,1.2581,18.7727,61.4730,148.2921,43.8895,1.2222,27.6381,98.3228,5.8264,3.1111,28.8475,216.6560,90.4460,5.1400,50.2599,104.6513,6.2844,150.1487,331.9560,12.1840,102.3925,44.3052,414.2039
0.0000,0.0020,0.3025,7.9836,52.5644,47.4944,347.5778,225.3820,0.0345,0.5689,1.3524,19.8766,53.0085,81.5305,0.0358,2.1772,27.0262,60.6949,83.1984,352.7030,0.0675,0.3378,8.8209,41.3275,35.9612,0.2897,9.0155,62.0671,179.5469,255.4400,0.0434,3.0212,31.5187,8.6329,1.4608,30.7914,254.8619,98.5002,0.5377,15.7247,31.5674,6.7166,167.1937,480.0987,3.7000,27.3242,47.6130,570.4453
6.0000,0.0264,0.7656,6.6404,20.7203,33.5715,315.1144,113.8695,0.0450,1.8398,22.3900,108.8580,172.0925,96.4216,0.0904,1.8346,8.5605,43.0585,159.6253,171.9198,0.2267,7.0381,69.3465,217.4518,42.7884,0.2469,2.3932,39.1390,158.8958,64.1718,1.0568,26.7494,172.2775,109.9442,0.3406,18.9978,201.8680,238.4668,4.8902,83.8551,139.3603,4.1300,133.5227,546.4185,19.3613,101.5385,38.4321,584.7538
1.0000,0.0421,1.7248,20.7693,67.6403,43.0576,101.6206,108.3502,0.0854,1.6890,23.0739,150.4654,234.7783,64.2122,0.1973,5.6957,34.6647,23.1598,31.6645,107.9260,0.2052,6.9556,88.7199,265.4661,111.9423,0.7617,11.3420,9.5467,135.1846,171.0146,1.0200,32.9125,201.4949,178.1071,1.8078,3.2493,161.7062,334.7512,5.8902,96.2409,194.4394,0.6782,102.6562,494.0594,22.0287,134.1678,29.0443,471.6132
2.0000,0.0575,1.7322,19.8523,83.2170,114.2360,323.1459,252.7283,0.0767,1.6411,4.3488,78.3415,148.6182,83.9685,0.2067,5.6807,42.2420,18.7781,226.2575,14.8519,0.1988,0.9612,40.7444,141.5863,20.1898,0.7824,13.8435,18.9455,282.9103,165.8917,0.1070,13.9545,97.8519,53.7936,2.2174,15.3253,329.5776,7.8306,2.3727,44.3191,85.3719,3.9637,214.7089,358.7472,9.8428,65.6695,61.8172,505.8910
9.0000,0.0374,1.2822,16.3748,66.6447,38.8282,236.4503,86.2489,0.0966,0.9512,16.4496,133.0138,240.5950,145.4979,0.1401,4.1969,31.0427,29.6076,95.1019,20.3529,0.1130,4.6404,70.6171,191.7429,116.2719,0.5336,9.4474,23.6859,143.6079,4.2165,0.6465,24.4053,119.3278,88.0973,1.4260,11.1094,189.2386,201.4757,4.1628,51.1145,115.2140,2.3720,124.0095,447.6300,11.0431,95.9960,35.4533,485.6136
3.0000,0.0479,1.5596,19.0952,97.2273,146.4526,98.1311,22.4764,0.0070,0.1909,1.7795,8.9045,33.6578,178.5151,0.1731,5.0062,48.2179,154.7291,180.6157,34.9428,0.0225,0.5198,4.7457,15.2626,170.9763,0.6474,15.3752,104.0323,269.2647,26.6273,0.0740,1.6661,6.0694,136.9906,2.4021,43.3190,248.7055,208.2369,0.2878,2.4782,89.0886,8.6485,141.0589,383.4525,0.5993,43.0939,37.7138,386.8155
4.0000,0.0192,0.3251,5.7050,71.9648,114.5396,39.6931,79.4651,0.0636,2.3146,34.9448,167.9762,125.5313,217.8428,0.0365,1.4721,37.1647,127.9901,141.6433,166.7301,0.2939,10.4144,93.8871,106.0076,205.1519,0.1955,12.2457,91.3132,281.1657,113.5684,1.5131,33.7341,75.7931,173.9323,1.9628,39.8413,286.0619,133.1242,5.9190,37.2724,151.5872,8.2252,170.6969,415.3115,8.8727,104.4603,46.9523,476.6998
1.0000,0.1226,2.6377,20.4696,64.7579,142.2413,107.4272,0.5429,0.1744,4.4967,43.0451,149.6254,232.2218,82.5547,0.3401,6.3844,40.3716,170.0685,40.9013,27.2353,0.6171,14.5002,101.0354,250.0217,91.0996,0.9451,15.2738,126.8859,209.4827,132.0998,2.3006,41.1144,193.0824,81.5431,2.7079,57.4508,264.8459,377.3659,7.8500,95.8032,43.1415,12.2137,175.3904,632.3680,22.7276,21.7564,51.0208,637.3551
7.0000,0.1124,2.0535,21.3415,16.5070,179.2354,99.5454,208.3010,0.0912,4.6014,56.0037,111.9739,181.0885,185.6688,0.2556,6.8176,16.6062,171.9349,135.1169,89.7468,0.5984,17.9445,70.6919,113.3835,237.2175,1.0140,7.8723,108.8367,298.7103,16.3672,2.7546,27.9324,50.1345,191.8947,1.5637,43.4043,339.0866,80.5113,5.2559,15.5882,123.9167,8.4016,215.8841,318.6533,3.0147,90.9100,61.6095,416.8077
2.0000,0.0825,2.5451,30.4252,49.4350,111.6200,229.4723,219.9949,0.1341,4.2803,36.1098,3.0802,128.4457,72.6235,0.3112,9.0075,32.8695,98.9946,170.8238,20.5571,0.5668,12.0749,14.8319,122.7015,49.6214,1.2777,13.0082,82.9134,323.4409,173.6452,1.9106,9.3553,77.6051,107.4724,2.3636,40.6413,385.0629,20.4047,2.1715,31.1278,108.4213,9.0100,250.8886,322.4735,6.1525,65.1155,72.3762,481.2920
3.0000,0.1580,2.6982,24.3397,103.2186,78.0555,258.8122,272.2713,0.2124,2.1851,29.1256,38.3783,174.2059,189.5082,0.3409,7.3644,62.8325,116.4740,156.9639,68.2953,0.3272,9.7882,32.3863,121.6641,201.0284,1.0669,23.2256,101.4189,250.9813,116.7369,1.5620,15.2637,70.3614,189.0609,4.0389,50.3006,335.7047,18.3214,3.1907,29.9237,149.5117,11.2812,230.5343,292.2257,6.6546,89.3263,68.2363,451.7056
5.0000,0.0572,1.1812,22.3894,59.3124,35.3771,359.1940,55.3161,0.0983,2.0875,27.3983,48.9950,55.7261,226.7546,0.1454,6.3591,31.3789,82.5608,213.4266,154.7972,0.2712,8.7744,31.1437,22.5373,150.2278,0.8775,10.8378,69.2628,214.8525,181.5975,1.3432,12.9302,2.5255,97.3850,1.8136,31.8425,288.8802,46.2449,2.5244,7.3170,76.2812,6.6907,198.9097,400.4184,2.5625,52.0064,58.6197,531.3107
6.0000,0.0048,0.2709,5.9136,27.1926,28.2293,398.5406,126.3519,0.0424,1.3510,15.0226,83.6010,103.4482,18.4040,0.0314,1.5934,14.0195,39.7505,191.7660,16.7803,0.1559,4.3316,49.2724,131.5078,24.7502,0.2096,4.6841,46.7560,120.6536,25.9570,0.6169,18.2344,105.0831,59.4006,0.7605,23.8790,191.7680,183.6033,3.2525,51.4428,72.2268,5.2706,134.9674,452.6446,11.9175,52.8175,39.7117,505.4644
3.0000,0.1452,0.3805,32.5646,72.9324,96.9856,301.1837,0.2581,0.1858,2.9762,39.4931,49.1858,92.0045,279.0298,0.0282,9.5418,47.3299,86.9003,126.5876,139.1936,0.3787,13.8900,16.5856,81.1605,203.2688,1.3440,18.2167,60.0158,179.0731,223.3694,2.2591,9.7647,56.4702,135.1483,3.2528,25.3021,291.8989,36.3077,2.4509,26.8723,84.0913,5.0315,207.5678,320.7165,6.2830,48.4797,61.9532,484.7982
4.0000,0.0177,0.9856,14.1780,101.8604,132.5819,69.2206,221.9695,0.1479,4.1131,32.8849,126.9390,188.7733,125.6004,0.1153,4.0456,53.3255,158.0039,74.6279,223.9387,0.5075,10.0084,72.7398,152.8676,106.9900,0.5566,17.7540,114.8929,200.0842,91.9910,1.4770,26.5892,98.9757,138.7113,2.8670,50.5350,222.5243,184.0131,4.7227,44.3253,143.5125,10.4761,138.8226,451.2061,9.9212,97.0196,39.1158,487.5346
0.0000,0.0259,1.0598,13.7080,53.8409,110.4287,484.8366,231.8623,0.0262,0.7787,9.3333,37.8410,43.0970,41.4315,0.1217,3.6401,25.5388,27.0399,239.0996,413.6035,0.0929,2.8180,23.3080,47.2095,26.9752,0.4761,8.3097,45.2626,61.9557,390.7262,0.4128,8.9151,38.2352,19.4891,1.3465,27.0276,207.8798,58.7954,1.6274,19.3780,16.5723,6.3950,159.7703,370.2695,4.6197,12.9254,48.5045,527.3811
9.0000,0.0348,0.8379,11.4260,64.4310,6.0427,234.0771,126.7601,0.0670,2.3271,20.2671,112.6310,207.9218,216.1855,0.0984,3.2048,35.5819,65.1110,116.6818,47.9055,0.2802,5.9149,56.4625,130.5412,176.4388,0.4366,12.2372,67.8375,221.0601,97.9879,0.8443,18.6579,60.3038,121.5645,2.0163,34.3046,281.2848,116.5396,3.0765,19.0514,174.3121,7.6164,185.3999,439.0734,3.2119,150.9877,53.4928,536.7023
6.0000,0.0297,0.7768,9.8299,40.5871,51.1881,148.0209,124.9392,0.0833,2.7804,30.0290,119.1603,186.7191,153.3884,0.0934,2.7186,19.8948,34.9368,25.5747,37.5969,0.3455,8.7103,56.2697,86.9177,157.3308,0.3671,6.2982,40.8237,146.8402,15.2421,1.2420,17.8145,17.2217,134.2987,0.9796,21.9899,215.9587,112.3251,2.8500,6.1172,182.7169,5.0313,148.4477,336.8185,3.1255,160.0452,43.6538,408.1714
1.0000,0.0769,0.7702,5.4909,22.5021,131.3814,143.5306,14.1931,0.0420,1.4468,13.9841,99.2744,160.1379,52.3149,0.0908,1.5693,13.6009,139.0785,64.6431,33.0551,0.1850,4.7099,70.0647,217.3557,33.1166,0.2176,4.9558,95.0735,262.4775,68.2747,0.7366,28.4651,181.1764,54.4977,0.8502,40.2805,307.6575,358.0996,5.3647,91.4218,90.3279,8.1566,194.4045,664.0000,21.6254,75.6183,54.9382,684.8660
6.0000,0.0638,1.4777,10.9001,47.3630,72.3529,287.2943,159.6032,0.0755,2.5181,21.8634,104.0638,242.2360,169.5447,0.1759,3.2253,26.6560,44.0938,159.9505,36.2778,0.3051,6.3456,49.8793,142.2020,193.8813,0.4540,9.2181,42.6141,73.3350,37.0845,0.9035,15.8117,54.6831,117.2061,1.5216,22.8796,162.3597,90.3569,2.5169,11.6717,116.4427,5.2846,125.0868,327.6229,1.0564,116.9938,38.4190,410.0473
3.0000,0.0776,2.0679,12.0920,87.0607,214.3211,167.8926,333.7417,0.0137,0.2388,5.7358,31.6040,134.3600,68.5842,0.2367,3.5561,48.3999,249.0523,155.1222,200.4775,0.0321,1.8141,14.2709,86.8325,47.0199,0.5018,16.7724,180.3150,307.6644,75.3465,0.2765,5.1702,41.9575,43.4156,2.7839,79.2837,356.7181,149.0174,0.9725,14.5043,36.3988,16.4448,229.7325,358.1475,2.7871,20.7628,65.9010,430.6658
6.0000,0.0885,3.6082,33.6679,46.2458,14.6903,391.8732,205.4250,0.0437,3.7356,32.5745,34.9532,146.1864,71.8095,0.4386,10.0314,29.5005,108.3848,189.9647,42.3077,0.4958,10.8221,25.8748,83.5712,115.4002,1.4309,11.7887,106.5009,206.7998,75.1422,1.7014,11.3930,39.9325,125.5538,2.1680,53.2501,335.3461,89.0721,2.2813,15.2548,80.9411,11.8115,240.9294,432.6432,3.2755,29.1537,72.3512,570.9662
2.0000,0.0718,1.0408,8.8481,72.0284,114.5385,204.1259,252.9397,0.2558,4.5820,21.9657,42.9979,48.0697,69.6962,0.1366,3.4845,52.1879,200.9033,147.7914,82.8872,0.6119,7.4482,25.1685,27.4459,11.5404,0.5765,20.7556,174.2400,275.0538,84.6460,1.1948,10.0777,16.9087,51.5388,3.7415,84.3600,356.3054,21.2699,1.9610,8.9294,56.3579,18.5222,243.1585,231.1936,2.3687,33.0092,71.9551,369.7445
1.0000,0.1643,4.2788,41.1198,165.2074,222.8349,106.4874,196.8153,0.0743,1.0329,3.7718,11.7490,55.5741,66.5709,0.5242,12.1405,94.3418,258.4916,193.5832,170.8665,0.1462,1.3897,4.5010,39.4414,82.8805,1.7200,33.4530,191.3653,312.1014,151.5847,0.2423,1.3118,21.7899,90.1733,5.6565,86.2388,326.0163,246.9044,0.2519,8.0921,76.8469,18.2574,203.6192,405.1696,1.5150,45.3294,57.9626,425.8344
0.0000,0.0402,1.3214,16.3092,79.5456,46.0282,314.2878,275.1033,0.0488,1.3364,10.6604,27.3148,56.3937,29.3495,0.1625,4.8895,48.3807,131.8579,75.2498,325.9417,0.1758,3.5405,16.5206,33.1314,64.1331,0.6930,17.4358,116.3780,165.3384,228.6143,0.5570,7.0810,19.5027,64.6599,2.9481,55.1813,250.9445,65.6840,1.4230,11.2519,37.5905,11.8488,170.0895,392.0112,3.1011,12.0445,49.4065,479.9869
6.0000,0.0204,0.6535,9.2113,52.4758,110.9133,198.5968,48.8092,0.0756,2.6893,35.9083,159.5138,169.1307,145.1204,0.0793,2.6769,26.6046,84.9332,87.1275,103.6937,0.3367,10.8864,88.6884,138.0347,169.7128,0.3732,8.6132,58.1850,231.4860,149.9235,1.6008,31.7499,87.0479,190.2662,1.3602,25.9334,295.7671,72.5330,5.5567,37.9317,221.8609,5.4683,194.5306,415.7559,8.3355,172.2311,56.0667,533.3993
4.0000,0.2345,5.7578,43.7416,196.1469,203.6253,220.7697,233.0622,0.0633,0.9224,6.6196,41.1316,122.1654,57.1519,0.7213,13.7159,116.8415,256.6880,102.7999,249.8343,0.1151,1.5842,25.0469,111.2621,72.8328,2.0244,42.5482,201.2617,146.9330,156.6618,0.2014,9.5348,72.0972,176.1661,7.3246,94.2295,231.2877,136.4228,1.7456,30.5340,202.5250,20.4551,168.7101,490.2905,6.4057,139.5438,51.5021,588.8950
7.0000,0.2751,2.5009,52.2768,183.1540,157.7878,133.6160,277.9313,0.4278,3.0825,24.4486,70.3191,144.1830,150.4614,0.3197,15.9767,120.0493,177.3250,123.9673,184.8511,0.4251,8.9030,55.5955,171.6365,129.5010,2.3212,46.4485,130.5570,263.4554,12.8179,1.4934,25.8147,145.7485,121.6952,8.3225,59.2356,352.2734,1.4166,5.3789,76.4947,145.4852,12.6678,245.9092,256.0482,18.6914,134.6358,73.8289,422.4826
7.0000,0.2700,4.2240,17.8066,56.5287,69.6225,174.1223,269.5574,0.2658,5.3180,84.3396,215.7839,162.9928,236.7586,0.5416,6.8174,47.0797,73.7547,53.0285,111.1875,0.7572,28.6296,143.1321,100.9090,280.1065,1.1375,20.7281,49.4415,205.8781,100.4953,4.5929,58.8517,52.9370,177.5356,4.0174,21.4733,315.4114,69.2953,11.4158,25.6151,108.8313,4.6275,225.4618,207.8129,6.8831,135.9408,68.0989,388.0197
7.0000,0.1526,2.4690,20.6171,25.4892,141.4105,116.5045,194.8487,0.1561,3.9430,51.5266,109.5804,227.5093,182.3821,0.3159,6.6482,23.8142,136.1738,124.0737,59.6521,0.5347,16.8923,72.3735,136.1469,260.4450,0.9999,10.7090,85.3469,287.3690,45.3204,2.6374,29.6268,49.3501,226.5822,2.0773,34.0473,329.7085,66.0090,5.7185,8.1702,145.8598,6.6676,210.6955,321.1917,1.6400,97.0736,60.2557,427.5995
1.0000,0.1132,3.2117,34.2857,150.9105,226.8632,111.4644,214.1611,0.1022,2.3466,18.5765,61.8426,70.7931,41.6427,0.3904,10.0239,85.3181,255.7726,207.4192,175.7388,0.3052,5.8050,35.7416,72.1555,46.1793,1.4083,29.9807,186.2593,325.7588,146.2017,0.8770,13.2874,52.7050,49.5928,5.0315,82.9854,333.7675,239.2636,2.4000,24.9155,44.9692,17.4284,205.9323,399.5078,5.7038,28.8498,58.1918,422.3521
8.0000,0.0186,0.3264,8.2395,43.9519,122.2153,474.1333,169.8935,0.0474,1.0534,8.8685,25.8936,76.9556,142.4591,0.0399,2.2122,19.9343,39.8730,238.9275,99.1377,0.1255,2.9098,22.4655,80.0254,165.4093,0.2908,6.0248,24.5413,66.3493,200.4232,0.4507,9.7031,55.2345,129.9649,0.9136,15.5519,210.2560,34.8849,1.8693,24.5924,69.7082,3.8712,161.6810,416.2198,5.3850,26.5868,49.1232,554.3229
5.0000,0.0404,1.2720,17.0579,34.6610,110.6656,300.8454,51.3877,0.0237,3.6374,45.0398,115.8558,130.4998,77.0999,0.1492,4.8306,18.8035,125.6491,195.9963,38.3665,0.4553,13.5965,64.5349,81.6480,70.4587,0.6642,6.4195,92.9438,193.4838,41.8168,1.9966,23.1965,44.0220,57.3352,1.0567,41.2474,252.0320,214.3353,4.0767,20.1927,72.9738,8.5749,173.9800,467.6963,4.9466,80.3107,51.4881,525.6347
3.0000,0.1495,1.8575,37.3879,88.6569,105.3302,265.2092,150.5477,0.1744,4.9254,48.0598,23.3453,91.0962,242.4536,0.2368,11.1571,54.0073,114.6738,28.6958,67.0000,0.6567,16.6134,31.6720,72.9493,222.0961,1.5957,20.1838,77.5220,247.4516,189.9283,2.6782,17.0403,50.2015,205.4328,3.5509,32.1994,342.9179,15.5716,3.7387,24.2738,153.3629,6.4142,230.3099,333.8092,5.8004,85.3982,67.0158,489.7521
6.0000,0.0890,1.4774,24.8117,143.1864,196.3463,255.9819,11.2977,0.1288,3.5168,10.8292,38.1434,32.3881,36.8304,0.1725,7.2225,77.9744,156.4959,148.4174,176.3433,0.4515,3.3739,27.7540,114.1597,114.7719,1.0088,26.6610,96.1105,128.4649,235.7119,0.5071,11.7958,119.7312,227.0878,4.3852,39.2553,206.8394,16.7915,2.3028,66.2539,288.6955,7.8689,150.0826,343.1371,16.3811,218.8772,45.2187,490.9437
5.0000,0.0867,1.4341,32.0844,87.3096,113.2621,385.0976,52.8791,0.1273,0.4585,31.7247,98.0219,75.1881,61.6092,0.1754,9.4159,53.6923,90.8074,270.2587,103.8957,0.0492,9.8529,63.4791,29.6777,49.1251,1.3234,19.7974,66.3202,225.7315,110.3923,1.4728,25.4273,25.2723,41.8639,3.4212,30.9143,277.6598,115.0074,4.8073,19.0260,57.6854,6.7132,193.2425,459.7615,5.4860,56.5363,57.6271,575.6629
6.0000,0.0329,1.2628,16.8386,84.8662,142.3383,277.7296,66.8878,0.0546,1.5332,13.2134,64.5516,51.7615,100.0384,0.1456,4.6776,44.4447,120.3582,146.0678,92.9761,0.1807,3.7926,35.7345,73.8292,126.6706,0.6303,14.7893,84.4952,209.6643,98.5531,0.5354,12.6016,60.5166,211.4620,2.3856,37.6667,257.7928,143.4923,2.1711,29.6357,253.0263,7.9213,167.8604,458.6096,6.8332,183.2993,48.0831,536.8975
4.0000,0.1307,3.8118,46.4387,152.5274,129.5725,154.3685,48.6536,0.3859,5.9180,22.4699,177.0311,113.2357,113.3773,0.4829,14.3324,90.2152,106.9682,99.1016,61.0008,0.8027,7.9364,121.9640,191.2923,54.3432,2.0983,32.9253,66.6924,106.1151,10.9566,1.3151,50.7200,207.3085,147.3237,5.6936,27.5671,149.8572,190.8914,9.8544,121.0123,203.9723,5.6116,109.2846,452.8680,31.1257,158.0481,33.5391,515.9591
0.0000,0.0448,1.9645,22.2905,63.5887,131.8310,525.9662,230.8609,0.0580,1.1439,3.9620,19.1031,50.1902,47.7780,0.2313,6.1868,30.6588,42.1028,322.8891,476.1528,0.1423,1.1000,15.0117,52.5365,47.0574,0.8360,9.8990,45.1177,39.7743,506.3078,0.1665,6.8682,42.8856,49.8362,1.5882,27.3486,196.0728,156.8560,1.4054,22.8917,37.4092,6.6021,167.0704,352.1230,5.7193,22.2952,52.8164,571.6517
4.0000,0.2307,4.8506,29.1697,47.7478,76.3058,73.3581,21.2097,0.2789,6.7555,57.9100,197.4174,103.7599,95.3224,0.6074,9.1346,33.9755,79.7327,56.7028,1.4034,0.9154,19.1676,124.5428,153.2205,147.7494,1.3560,13.9790,65.4190,117.3589,78.3877,3.0232,49.3806,147.8009,202.6459,2.6166,33.0211,157.7123,253.3956,9.3374,81.8771,188.4414,7.6002,110.8384,442.1661,20.5458,117.9111,33.4742,455.6367
4.0000,0.0801,1.8347,16.0964,119.1853,132.8705,87.8180,166.2450,0.3406,7.3032,46.5265,156.7512,148.0311,129.2148,0.2405,5.2053,65.8665,159.8473,102.3474,162.6754,0.9503,15.2472,96.4348,132.6578,121.8372,0.7868,23.0469,122.6274,195.8396,82.3557,2.3792,37.3472,95.0767,127.3769,3.8794,56.6866,218.8728,123.6760,6.9325,46.7924,124.9335,12.2084,140.8041,356.6387,11.2353,88.5658,40.6812,410.5381
9.0000,0.0191,1.2453,17.8287,71.2000,103.9126,265.1751,176.2881,0.0597,0.7290,18.7466,101.9560,251.7026,239.8518,0.1418,4.8848,35.8329,84.1638,93.2756,8.7229,0.0804,5.6544,56.5301,149.1500,209.4274,0.6529,11.5985,51.2060,119.6757,45.2443,0.8285,20.1231,70.0042,73.6454,1.8346,20.5966,201.1451,140.3614,3.5024,25.9139,120.2522,4.0709,140.5441,421.4975,5.5305,131.5063,41.3414,498.4526
6.0000,0.0491,0.6512,9.5093,56.7123,133.4309,276.3276,44.3066,0.0159,1.7596,27.7592,120.1826,213.6800,92.4347,0.0764,2.8059,27.4600,64.0658,153.0257,69.1554,0.2269,8.5279,63.3161,146.1623,160.4569,0.3961,8.7372,23.4723,127.2165,89.2242,1.2662,21.8925,82.6188,171.8697,1.3759,7.9884,194.9214,113.4045,3.7485,36.1412,202.1157,1.7659,139.0473,407.3948,8.3542,168.1167,41.5154,495.0143
6.0000,0.0220,1.2694,27.6914,110.1010,177.7381,368.0583,39.8023,0.0782,0.8228,17.0651,121.2119,192.2520,67.7557,0.1552,7.9560,58.4079,116.0666,241.1724,126.8808,0.1165,5.6303,73.5799,159.3696,119.0879,1.1019,19.5901,59.8324,155.1785,194.3894,0.8798,28.1228,120.8576,146.5717,3.1793,21.4894,215.3592,14.9509,5.1596,62.5790,193.9203,3.9553,157.5854,368.0965,15.3441,162.8756,47.8215,509.1223
0.0000,0.0412,1.3533,23.4979,108.8049,149.5012,480.4073,159.0238,0.0148,1.2281,10.0757,19.4279,53.0476,68.0850,0.1595,6.4141,52.2836,57.4627,236.3380,384.6234,0.1546,3.1921,11.0026,36.7361,34.3481,0.8543,16.4059,13.8391,74.1789,417.0426,0.4846,4.1091,23.3932,18.4927,2.5432,6.7801,215.4548,109.1900,0.7506,10.9664,33.3028,1.9709,163.9184,333.6316,2.5627,29.8132,49.5944,515.5220
3.0000,0.0458,0.8096,20.3635,51.5357,129.4076,297.5683,188.9746,0.0351,2.6117,19.8205,22.5494,163.1194,194.0493,0.0922,5.4789,25.3276,126.2626,119.0549,28.3033,0.3251,6.4751,8.0990,134.0803,190.3055,0.7226,8.0971,90.0338,148.4594,198.3049,1.0005,3.3166,81.1002,185.2252,1.2730,39.6647,268.5835,82.2007,0.7534,33.1203,151.4564,8.2404,192.9658,226.7372,6.8485,88.5294,57.5983,387.4335
7.0000,0.1480,3.2239,41.4409,165.1019,128.1615,102.9207,261.7485,0.2979,4.6011,40.0928,132.5091,32.8572,240.7318,0.4086,12.4517,98.1571,148.6067,149.2527,96.7328,0.6136,13.2697,82.4282,50.6295,212.0485,1.7877,35.7124,116.8712,309.1972,48.3619,2.0883,32.1685,44.9285,99.7963,6.1432,55.6983,349.6650,40.4099,6.0035,21.0420,102.6177,12.2855,224.6297,303.0550,4.5003,110.9098,64.6874,427.3050
0.0000,0.0142,0.6789,9.5894,35.2030,60.5064,417.9787,289.3618,0.0079,0.1742,5.1623,5.8052,63.4999,16.5877,0.0750,2.3685,12.5260,27.1021,157.5813,438.5153,0.0268,1.8084,10.8016,34.5424,35.1169,0.2923,2.9779,39.1483,109.3774,360.9266,0.2876,5.5033,24.5505,55.9121,0.3600,21.1368,214.3929,8.0069,1.1393,13.7482,57.4013,4.7641,150.7020,394.7569,3.5157,37.8911,44.0684,518.6250
3.0000,0.0227,2.0905,25.6911,62.6281,129.2867,327.1313,110.0500,0.0839,2.3405,14.3962,51.3036,116.5558,203.4525,0.2421,7.0978,35.0297,161.3671,117.2276,89.0037,0.2888,4.5151,33.8653,80.9524,209.9801,0.9562,12.2120,119.5367,156.5058,183.3014,0.6800,13.5390,49.0360,219.4690,2.0363,53.0878,275.2331,9.3699,2.5445,23.2607,175.8353,11.0663,195.8696,351.3191,5.6228,97.0866,58.2302,489.5420
8.0000,0.0174,0.3079,6.9079,56.9916,140.9635,386.4776,75.2338,0.0242,0.4949,12.5577,40.9242,100.6746,84.0722,0.0347,1.8050,23.9386,48.2324,150.0869,147.8286,0.0601,3.6383,22.4894,82.5361,68.5897,0.2319,6.7379,4.3563,111.0865,177.4400,0.5170,8.0277,52.0924,78.1331,0.9595,4.6111,207.7245,80.7291,1.4041,22.3257,79.0309,1.5955,145.4896,423.9662,4.7995,54.6125,42.5087,522.3253
4.0000,0.0673,1.4402,10.2326,59.2668,163.8525,193.5284,16.5726,0.1404,4.4501,42.6546,136.4241,184.8052,125.6454,0.1755,3.1930,33.8317,165.1323,136.5117,45.6586,0.5571,12.9707,81.1248,164.9711,83.1093,0.4672,11.9480,112.9757,166.4247,142.5063,1.9175,30.6157,118.1756,39.3272,2.0111,48.4359,187.8903,313.0319,5.5699,56.8454,43.8913,9.9286,121.5252,470.7676,13.2797,43.6189,34.9642,452.5162
9.0000,0.0198,2.3559,31.4872,103.3947,131.4050,186.9413,197.9691,0.1693,2.2044,10.8101,89.9306,219.5244,156.0959,0.2797,8.9572,52.5039,101.1691,54.0318,88.4642,0.2827,3.5499,60.0086,110.5694,156.0193,1.2337,17.1953,62.5741,144.7161,0.4551,0.5545,25.1945,86.0409,81.2405,2.7545,25.9142,230.3076,108.3260,4.9215,54.0413,100.7439,5.2445,162.6640,344.4726,14.6210,105.6961,48.4822,431.4919
7.0000,0.1872,1.2718,40.3743,74.0177,154.0342,122.2967,306.2850,0.1973,5.1513,72.3202,138.0898,176.9835,131.8324,0.1531,12.7033,53.0740,165.3688,71.9678,200.7493,0.6971,24.8662,91.8204,153.3199,188.4448,1.8889,22.1306,110.9269,234.7947,3.7222,4.0214,38.1874,111.5603,155.3739,4.1750,45.6420,336.6872,11.8600,7.4815,55.6052,118.4754,8.9780,238.4919,215.2904,13.3972,124.8820,71.9315,369.9535
1.0000,0.1436,0.8252,33.1121,101.4787,19.7288,206.0488,15.7483,0.2628,4.7589,14.1717,177.7989,173.2104,117.6225,0.1136,10.4070,66.4954,2.2604,106.4704,6.1683,0.6697,4.4119,122.8764,289.1232,154.3463,1.5345,25.5501,10.0660,131.2927,34.7874,0.6740,50.5076,269.0677,209.6423,4.5454,7.6283,199.8417,250.3852,9.6858,145.4360,239.0200,2.0572,143.1478,532.5512,35.9262,177.7209,43.1509,590.0383
